HolderAddress,Balance,PendingBalanceUpdate,Date
0x019fd9abc9caeb476d7afa68bb675518c6be17b7,"15,106,952,568.71",No,
0xad3e02de4679d04e4c293244d707285f81d34383,"5,642,416,679.97",No,
0xaec085e5a5ce8d96a7bdd3eb3a62445d4f6ce703,"3,731,064,387.73",Yes,
0x1172a9b08573dec93cd53132875046f8e0770caf,"3,595,945,858.72",No,
0x000000000000000000000000000000000000dead,"3,037,585,222.02",No,
0x2813bbc5744faf12f2cc0bcd9a0376be41a5b0f4,"2,666,305,257.23",No,
0x1ae824a5bf871d8ab4f1165fdce36978c085dce4,"2,655,745,885.49",No,
0x0b18aa565a6adbd994e8d69c17a4a5c8791b2cf5,"2,596,568,323.37",No,
0x6f7245140efd1a4a5b24fc981178ef62279e1c1b,"2,133,784,064.71",No,
0x301f742573c76ee107cb8e263f2d5c009ecbfb28,"1,486,896,785.41",No,
0x6ec2e2be14e4dcc5c93e61fd221487b8ba1b179f,"1,300,000,000",No,
0xb46ddd09146cf8c59c275f4cf277e8de6868f838,"1,167,619,702.73",No,
0x279cd2b30740afd8802a2fac25dae77e5ce5d6ce,"1,162,681,820.68",No,
0x84780cb65b8be101165cc3f6981705a6400c5c72,"1,083,989,645.83",No,
0x7e90590542e36df645696f161abdc526bfb6d247,"1,067,278,163.24",No,
0x58918db69302e21e0478c97f20de9153b9ee92d6,"1,039,317,543.18",No,
0x801c261cb2827bcbe3c831678c063f1691b593cf,"1,024,193,367.71",No,
0x195486f44346a01120a7cf99425669f6e7fbefc4,"1,022,867,267.99",No,
0x90a5e11ee69e32b1991965efc7b1b83e235c23bc,"1,001,000,000",No,
0x82836bd22f6e52c0fbc83092da0900a51c5daae1,"984,214,437.00",No,
0xa495c8d282875beb08dec4fa67e4c2cef3b51680,"777,005,734.01",No,
0xbd3961dacb800fc8b9b60344841d56fd3c798b5b,"770,937,319.39",No,
0x7e2dfb80eb68f9946f45d7f0ea7c89cd26660dba,"754,283,586.96",No,
0x1985ea6e9c68e1c272d8209f3b478ac2fdb25c87,"704,066,144.44",No,
0x6fcad30523f0f8648984f3c1b4318e2a16e16824,"637,294,609.49",No,
0x2452e136265e4b2ce559534e9eb18e9907f45973,"609,052,327.15",No,
0x44df085447dbebcf69c6675c3b8a795c7fdeb3f4,"580,000,000",No,
0x0d0707963952f2fba59dd06f2b425ace40b492fe,"578,158,163.03",No,
0x5f8da8f88ec81e27f2e22fcb9ca5d926c595e508,"573,680,101.82",No,
0xf6268a4490995eec09de097a7279e592992ab03d,"500,000,000",No,
0x2890a1fa74b806417d45edf158c569b8939012bb,"500,000,000",No,
0x02f67b2e6afbac5d1590c39097d03829bc0beda9,"490,629,295.56",No,
0xbe94d6b687c7de47c48fd433b6563b0ee3c0ea72,"487,734,051.66",No,
0xac619976d2a369eabd0e61021dec86fc8291df31,"468,434,299.06",No,
0x56b9f3eab2a563a277cf14604ac0a8c330715cb0,"439,407,384.90",No,
0xef67e9fe32f46a672af824e39c7a5126004d0cf0,"418,010,580.86",No,
0x2e7444ade51b2dbc723c6298679bac3ef8389c31,"400,000,000",No,
0x40ebc1ac8d4fedd2e144b75fe9c0420be82750c6,"398,966,127.95",No,
0xbada235e37f8ceba768cb167518c869a3765992c,"376,939,734.66",No,
0xcdd442e2de893c07146b2f1072f8e077559f9aa4,"350,786,353.33",Yes,
0xc0ed8b18b962be620d67ed824d12a24b0bfae22a,"350,000,000.00",No,
0x4444a136b1445b1f5e4a20656854adcf6fa3d667,"345,049,277.92",No,
0x961f6af1729f276c9a053016a2da2706a19b7c42,"336,548,000.81",No,
0x69dbc5b5803efe31f6cbafe73ed780ff81c59470,"324,757,178.57",No,
0xb11f0625dcfb71d8095f019aecf1815ca5746776,"322,065,539.91",No,
0xbd46e4944f631c31ac22f8ff757a5579b371d3ce,"318,951,248.35",No,
0x000bd7932374abd3806ab036424ed0f4d756123f,"303,967,007.20",No,
0x2e93b992ab8a11e954464e6b0b2e28098241f1ef,"297,430,028.10",No,
0x77f80700f974ca52cf52bdc87efcb3b0e0c4f78b,"269,369,369",No,
0x449e507e83789a388180bc6b3cf961b10aec00e8,"251,565,129.35",No,
0xd13da05b9288ba4961973110594bd0fe3428791f,"246,494,954.16",No,
0x434d36f32abed3f7937fe0be88dc1b0eb9381244,"241,985,887.45",No,
0xb6d6e1865bfa3de860ef331aabf13f08915027c2,"235,561,361.67",No,
0x2dc37949d73cc648ca45c6e22253654a1f1865d8,"224,755,738.27",No,
0xc24e6ad0d54779d47c7af0d5f602a7caecaf0bf2,"223,346,154.16",No,
0x9d962f144bb6ba906397a861795f89bbdffb1ae2,"222,865,401.73",No,
0x481c36a595b8f71a87f6e4a0476e67733edd6835,"216,953,037.60",No,
0x7c7a1bd67e41c563c8aacab011b6b6e6f82f8915,"210,894,785.05",No,
0xc43da75ada0636bb182635213d6ff26ed8d646c3,"208,999,992.09",No,
0xef0c6f892b0d6f3dde527416b67f7aa4a4bc0a86,"206,871,107.50",No,
0x9340989729aa956fe11fe9bf6038e3df627dfe4d,"205,998,928.06",No,
0x128c718152c4da86454547484a43a09ac4ee6e7b,"204,537,102.99",No,
0x8d2c826a0620b7fe05266fbdb29febb9761880d9,"203,463,566.97",No,
0x65c9874a0107c5553c92430a7aa3863a79d543fd,"202,684,442.50",No,
0x7bde5110222b2b69a72c5d4928f6d284686a1251,"200,202,852.77",No,
0x65b3e277ccd0643d3eef18d3873e909382bc6015,"200,008,079.61",No,
0xc72b54ffc17569d338ae9ea0fc3d565a71227f25,"200,000,002",No,
0xb11f9acc7726dbb8a529bc549432e1070657bbd7,"199,000,264.22",No,
0xf3b75aeb448fca1b457432fcca3ab8c491ba1e22,"193,878,531.49",No,
0xeac6a43ac78e616abb651f287cab58ac96e85644,"190,484,970.75",No,
0x32b1cc950ef25434172ba21a2afa0dfe2795baa9,"182,941,450.02",No,
0x498581ff718922c3f8e6a244956af099b2652b2b,"181,417,769.98",No,
0xeebceff9589546d9020f4a974184098759ed69fe,"179,702,063.18",No,
0x407cd980dfd24f868040379337ffded901825b97,"176,959,637.28",No,
0x21586d44b423e85cad6cf541e61461b36802a200,"175,000,000",No,
0xf290a936e78dbaa0b8f444f05cca22a192a43e00,"174,288,987.78",No,
0x75e5162644fca0392cce7dc6fe20f35e362ca8bb,"169,534,851.84",No,
0x5d2bb9e5a29657935010fdf2a911e957d51b6c51,"169,183,854.26",No,
0x8ef9c8477a01f9a28f6266513f62ba414cbf39ed,"165,786,678.10",No,
0x0d1e97c3b558e2bb205d294edb775bb2c935d200,"162,676,099.91",No,
0xf4508c3a2781f2a0bdf2b767c4fb937603611d65,"162,312,462.18",No,
0x44c3cf2d964d7b2f9be5fa612b0cc436720f6ead,"157,420,065.58",No,
0x631456089b908a73cb5563763869ef3bd067f7a9,"154,316,898.49",No,
0xb69c41f9546fe7e4ea8e218330990f518c80ba6a,"154,002,704.10",No,
0x6123f74cbdae63e40a5d46e4ae72d0418ce2a05c,"151,663,906.91",No,
0x105f11a93f8462745eaeeeb582959201b6f4f7f8,"151,532,377.32",No,
0x5608e12d1c281c5e6ee78638630467a1476bf05f,"150,913,463.74",No,
0x605c8418be0667a74c4f06a26246d0bbb61cb267,"150,753,100.08",No,
0x535be74309093b3a911b57e42ffdac7213078735,"140,832,227.41",No,
0x44fa987b5ab185e7d87bdecd7c0e0341f1e2a1bf,"140,600,628.89",No,
0xd37b1ea54a39256bd1e97f65f8e9c996f3c6f430,"136,657,724.28",No,
0x078e88e465f2a430399e319d57543a7a76e97668,"136,279,199.44",No,
0xf84408070b4de16d6bb0ab2fd8b19d37e3fd1422,"133,593,165.47",No,
0xfc8e410501fa7213c1efec6fe497262355b1f063,"132,509,512.00",No,
0xd4bf6958538f26266ef2a32db47d296323734b5a,"129,252,664.27",No,
0x4f9a04bf67a65a59ef0beb8dcc83f7f3cc5c5d23,"128,000,000",No,
0x85debcfc9792195a62899b5937db15c8ce14f0ea,"125,384,062.50",No,
0xed5b18ce5f58efb74229b639b4df3dbe6bf52021,"115,679,568.50",No,
0x75afaece8cf2a7974b1e541648923afd9339b3f8,"113,676,271.11",No,
0x7cf983852f8715be3d0c97897bdf97a8c55739cd,"112,505,276.46",No,
0xdc59da89633fbd3bd27bd22e5acede444c394beb,"107,204,951.52",No,
0xe37fa838dabe3ee31394b620e9ebbc04c7d3494f,"105,838,776.73",No,
0xd451b354e6ae8d7c191b5ecf3fcdf2337aa2a2d0,"103,603,248.19",No,
0xf7757f0e9b68bd2c256ce0410589de58f22cb277,"101,101,594.41",No,
0xc5085f53fe9e547b68bae85e435fce23d246793e,"101,000,000.00",No,
0x4761e12b65d001bde2ea3ef60b9840ce2310893d,"100,927,587.01",No,
0xfbd463c3794b6adb79cb3c4b28e1e97450afd3ca,"100,845,991.27",No,
0x5943270542f42d6ce2607c046ad4cf8a97918820,"100,072,479.93",No,
0x6ea732b1e79ba5b42eb174e406911900723ffd7e,"100,000,000",No,
0x155f2475479044582364a9d1ed01f85c20c527ba,"100,000,000",No,
0x66ad813b63034598561fb69abace2c208d83a9d9,"99,989,901.67",No,
0x416ec2ca21a38cbcfeacd6a14532b3f348356d23,"97,641,161.67",No,
0x6bd777bf19dfba7fddfa189876b0aac22dd9974a,"97,572,521.06",No,
0xbc5ce2dfc7a89d597c26f556a9670a99b73f2e0b,"96,638,833.13",No,
0x4f9f0a0b6597435e7b6d8e24296dfed54b2763f5,"96,002,018.50",No,
0xd44b14c0bbaba98a0ed5e73250fd19769f13160c,"93,474,302.39",No,
0x44551ca46fa5592bb572e20043f7c3d54c85cad7,"92,623,005.96",No,
0xf8cfc5635327ee30a67523c26a8a49dd4e77a0f4,"92,500,000.00",No,
0x3c46f73958e50ac8bedbc6cbedd7718b73c69298,"92,102,133.97",No,
0x3aa04ae52fd1423272750a9a9ea47c2724d8f883,"91,071,918.51",No,
0x7f90adebec02b3d8a083adb3c3cb5007dcf23356,"90,971,697.48",No,
0x0e65cb6e1abb6366a20d7a552b3e1cc7a59bde50,"90,424,742.68",No,
0xcb332a38a9770a99e0f986eb821f37190ad8cff3,"89,079,539.34",No,
0x27661dda1fcb28835574fe39401f1e175b7cc2d1,"88,222,145.17",No,
0x3453fd6413e0cbad92214247140922771c621409,"88,185,599.17",No,
0xb74da7046b1f4979f888bdd1183049b00dcc9e25,"88,012,894.67",No,
0x48a15921864f0c5c3f27683a6b643fa263002c0b,"85,875,776.87",No,
0xab6ff46c50cccf079bd6c519ccf34c188f80bd72,"85,491,400.33",No,
0x6d27b8bf89306509f19ddf48e42944db8aafae96,"85,072,110.98",No,
0x91397a787a0856ad57dbbeff3e90e661b75d52e6,"83,320,469.79",No,
0xe87b933e326195d399725a8d4f7abde743bcfb1a,"81,198,381.28",No,
0xbffec59f5e85f37af43a872dbeb641cd18921f04,"80,868,972.91",No,
0x3c84b3b05307d21c4579c13b134efdd4755d2e01,"80,457,664.51",No,
0x55eadf14744b95a79637e4ebf32c2f20f3827ddd,"80,000,000.00",No,
0xfd37f4625ca5816157d55a5b3f7dd8dd5f8a0c2f,"80,000,000",No,
0x4dfa12cba256d6e987a0677feaa60b6a6a165db9,"80,000,000",No,
0x69fcecd421935719de38ecdb5a884359959ea0a3,"79,230,751.37",No,
0x4a3e6e66f8c32bc05a50879f872b1177a1573cdf,"75,498,897.73",No,
0x1d064b8cf952a49d0b7365fe4e1dffa6de67c7b3,"75,000,000",No,
0x0058417b60283c461367fc577089ceab8778a6e2,"73,912,905.17",No,
0x9b2ee1147e069c4eb4556658fb49f98e66284a3a,"73,437,912.00",No,
0x4123ffc81579e38dfff74b75d8bdf21c41e62237,"72,500,000",No,
0xd095e0f8c72e22319846b643c4bac0cac1f67006,"71,904,728.59",No,
0xf205d9c2b39190dc73dffc4dc7a2560069d41e9d,"71,772,753.51",No,
0x9e7dcaa66465cae8980f94513f698a6ab8c19541,"71,542,486.46",No,
0xd26aa7c9d77f3f12c950366e061c1812216039e2,"70,880,533.22",No,
0x47d57657b1a48821ade8dfec7cfe0f3602fb105a,"70,296,669.49",No,
0x8a90e9decb493fd5521c4a8adb6dc385d14ca8ff,"70,000,180.05",No,
0xb0e4c413b1cb7abdd78bcd47df2aadb300e34cb6,"70,000,000.07",No,
0x2052571df047ca7b2c346bbfac0952561c5f374c,"69,742,818.86",No,
0x8e4d15556b04f08f084d692e63cbac9302875883,"69,711,307.26",No,
0xec33ada7ca07e04fa811af921048352a13840f4c,"68,081,864.01",No,
0x887aeb2c97b025de69c6f89228b616daa8a2b675,"67,850,649.06",No,
0x65ba4f92d7dfa813ddbd849d9faf38a723dd9b12,"67,681,875.71",No,
0xe6fe49c95f01908bf5b0227d79cc0a06f30a0123,"67,591,486.23",No,
0xd1db1756dcde2e014813d0c4dcab32512ca0e1ba,"66,619,503.14",No,
0xbb00900b914c71d7cc0d6c8865359499b9d0b3b6,"66,542,817.56",No,
0x17accf90ba294df3bc2f12818d18a48c756a90d5,"65,862,478.05",No,
0x322d652c13dedce8730fe60d5282afa018d78780,"65,100,000",No,
0xf5c804effad38b4e327fe3f4758668a793828372,"65,078,046.05",No,
0x758a15d4c972d54314ece9d6701d086fe2c5e757,"63,042,021.15",No,
0x62aaf39b1b2866891c41edefa15f253f7d41e477,"62,940,326.72",No,
0x25e3c81948ebc3997421e845f1f1a6f7494ed50a,"62,708,417.55",No,
0xbada51a47fe8a915fedec4b78b13b8f7e7c5af2e,"62,340,166.66",No,
0xc6902863ee149ec3bb5a85f75de97788f099d0df,"62,339,340.95",No,
0x66d40210b7e322f938fdf401c99a32cb25c9f982,"62,242,612.17",No,
0xe92cac0ddd20a8223339f210c6b932432079a9d3,"62,167,970.09",No,
0x2708c3e6e3c88715d342a0ddf8d1e2bde02838d7,"61,880,620.16",No,
0x8b076a81e4b9b1efb81b7d01ca610331395e7c9f,"61,118,599.92",No,
0x227fbb12e45c7b8f3301539bb3ad4e33a47017bc,"60,709,940.55",No,
0x4dd5dd7dee89ed216e031fb93e7919f5a7adb41d,"60,108,019.72",No,
0xa99597f95e9f269ea56bb75fb03d3cf7d5bbdfb5,"60,000,000",No,
0xfb689a2921370343391b753ba86a218ae570309f,"58,450,758.88",No,
0x68577318181f616c652c89f37e2c3cbf37b4c2c0,"58,210,508.04",No,
0x46162f7fadd5f3245300a1986ab4610666c57f65,"57,963,489.74",No,
0xe5387a884a9714304c516f70c8a319b7bf1b44ec,"57,201,408.33",No,
0x6f8e39673e598e2b701a7f70d9e18e769f915fef,"56,992,881.68",No,
0x2499bdf18e33eb830bcf0d1c1e47b7e0cca07071,"56,691,978.10",No,
0xbd002732e529425cad731f380edce627035b7555,"56,210,718.14",No,
0x88c2dbecee7104c771378b4fce75eca79308664b,"55,898,567.89",No,
0xf5029333b4b4476d4e2df5d6416108f36f81c80d,"55,843,124.57",No,
0xd66d4013e5b6d657831f80bafdc538512b99353a,"55,556,815.01",No,
0x849151d7d0bf1f34b70d5cad5149d28cc2308bf1,"55,183,074.94",No,
0x98c0f85b37dbcbca28528d9653ea69ebc04f611d,"54,963,064.51",No,
0x4f66c3a286659afaa4a9899600087857c998dbf8,"53,085,463.94",No,
0x1e7a617ed598a39ed5a735573fc56498d7a2cf77,"52,961,724.53",No,
0x86e3a56614aa234b17c19e4ef03b4f87e0575299,"52,546,058.93",No,
0xc16aecfec42b5ec2f24eab1fb2daa0cd90ea37f7,"52,536,632.27",No,
0x41bb7f75f1311ba5173a2d6a8f329110e22a1582,"52,427,089.82",No,
0xbce77e2439e2f9aba6726718385d83e18baae383,"52,277,013.43",No,
0x0c2ba8a4bba6c019a1771c73e304d383da4773ff,"50,826,813.53",No,
0x5f8b9b4541ecef965424f1db923806aad626add2,"50,593,673.70",No,
0xa55f8876aa5e844fce048202b207b0b209877dc8,"50,423,881.61",No,
0x6f93d1f8cdaddc61214c59a2741f2f0271cf6e2c,"50,222,837.17",No,
0x5581a582b431250d206b113d38f4af67722a06b1,"50,214,329.63",No,
0x888497f84b6b6cb147a6791193e60abc3ef844f4,"50,000,002.62",No,
0xc51d60061b30010f1cd125f4241d8c1fc64c0cd3,"48,823,704.03",No,
0xc348cdad55c576efb3c98a5e47ccc3ed94cf4805,"48,719,755.48",No,
0x0054d246176eddc8df6d439e78507137d7b130ec,"48,369,431.12",No,
0x0c6cb04449643422ba0dcd096c2eabd060ad63d8,"48,029,114.18",No,
0x4d02e6f992c7e165495f014ba19bcd0586226e32,"47,961,176.45",No,
0x6a485142e1942157fa8077b3597715886fdcc52e,"47,435,399.94",No,
0x680581725840958141bb328666d8fc185ac4fa49,"47,125,219.11",No,
0x4e3ae00e8323558fa5cac04b152238924aa31b60,"46,546,736.35",No,
0x68cda421a9809b4e1ea5e133f1e101ba1d61ca65,"45,918,764.79",No,
0xd657ab5520034f9a20fa3bc9f04383cc4a000449,"44,931,026.28",No,
0x723dd28d0b9b414a05de130cf5b107fd403c9264,"44,619,458.72",No,
0xe226c3d455be157c544ad62fda8d0728f12c3a5d,"44,519,100.60",No,
0xfdc0fe3ca3eb82da12e271288fbc80dcbdf2541e,"44,517,791.77",No,
0xa349d9e23557a5158401ac499213ade59cce85c5,"43,944,351.05",No,
0xc69f590523c7420c9f823a48c325fe0db435f0e8,"43,664,074.48",No,
0x8a8b53908907ce81dc3ca12aa6f228c1b18f3058,"42,281,348.63",No,
0x7e82cf76b3d1fc259254c72a2ab4b0c609b0f4d8,"41,846,514.18",No,
0x9d85e73e72364363ebbe2107debabaafed591e8b,"41,647,635.39",No,
0x5f914a3bace042c594a731610fe46e5e6edc00cc,"41,514,080.05",No,
0x59e5cdd625e46cc0f015cffdf0443680a3a4c4e4,"41,483,491.46",No,
0xa0f1910aa8f3bdbf7c4cc7b50b6af331c2a03fb7,"41,408,823.49",No,
0xaaa3bfb53d5d5116faedc5dd457531f8465f78af,"41,251,300.94",No,
0x4e7b103a995ee0e49b13062edd6c1960222813f9,"40,625,277.54",No,
0x9f666d5ee4bacb2cecd7aed396bcd3b86ae0db60,"40,480,257.08",No,
0x714ea1e47352483ee194bf88d2b2d6cad7cc1f6a,"40,384,379.68",No,
0x1a11796ce2412ff884159e753b667527b74fc1ab,"40,313,131.63",No,
0xc60522e2135e9ceb92dafbc04694af03e7440c70,"40,255,468.80",No,
0x440602a4c2e16c04b7c0914d93df1993d2e50a9c,"40,196,015.84",No,
0x479ccfc6ed22377ff82626827fb780f9f08cf874,"40,193,357.44",No,
0x4b7c58f973a3296a36bbe4d23fc3a8d928ede438,"40,121,899.36",No,
0x61afa5e5d7e1a70a537dc5b8252d64c8a1d92c6d,"40,000,000",No,
0xa76c6940bf090b429654b010cd130b02e8f83884,"39,718,972.34",No,
0xeff023fe862a711611f50b7e596d32847042a9ca,"39,686,412.47",No,
0x7a28dbb2e71b4eb7ed47dcfaa0b689fc6c3283ae,"39,627,890.25",No,
0xa9eda3238284aa52b4752e420713ddcced8ca1b2,"39,263,456.69",No,
0x8078d61c4f886cca30665fbba7bb19950e1dc313,"38,931,191.40",No,
0xbee6f8c81cae65cd2100302ba40f8566383098d1,"38,661,494.88",No,
0xc964a73bde38e2758fa9638bbf9a54431f31339d,"38,463,430.06",No,
0x6cc22cdb542cbef2ab3d1a8bd88e0dd9cd5e08aa,"38,196,134.27",No,
0x1fb0433a5a5d86841006e100c4350133024f31fe,"38,052,163.99",No,
0x28c173b8f20488eef1b0f48df8453a2f59c38337,"37,432,757.27",No,
0x48d652666d7de8e506ce1575bfe6a171ab76e709,"37,190,964.23",No,
0xca6e8cb29b1a47760bff38838118899649476db1,"36,927,301.85",No,
0x75a7b4dd3244d7a19ff37cb1f249dd8b1f2f5734,"36,533,890.99",No,
0x569677dfdd8b68ffe644bbfeae4aa0aa7b29d635,"36,500,936.09",No,
0x5ace47640511542ebb5a0615a6e7c800de063435,"36,423,386.27",No,
0x0fb8f58eb254e168dfd42ec46b6c4740e3367559,"36,065,722.26",No,
0x42eafadf853666d0b3ff6624913bd158c4acee74,"35,838,291.96",No,
0x0dee77c83cb8b14fa95497825df93202abf6ad83,"35,682,794.98",No,
0x280499e39d332639f8b462bda3d039b37b3e72bd,"35,551,682.51",No,
0x228313f87fb8a51de733058b5c502fdd9bc05865,"35,536,599.53",No,
0x613a654957e2f72ca21174e1f6b86da764458478,"35,362,181.18",No,
0x230886466ee6d7e683bb79e26e7860ecbbd2708e,"35,260,540.09",No,
0xa34d7f3fba74aab7ded1d740a81a5013baf326de,"35,215,646.07",No,
0x2e6314d1be3806b797f8623129bed4ca186def24,"35,000,000",No,
0x54cc9110e7d8e6f56aea827a36e8267c4f47e84f,"34,635,294.17",No,
0xf3696b2e466f1dfc7bb52db72e4966af1d9b0bff,"34,230,819.69",No,
0x9102eb2729e39bcce26fb9861dc8d5db1b8d5917,"34,215,049.50",No,
0x26052ae8a4d3ec17195628295a6f20b75c444e83,"34,000,000",No,
0x24c44a23ab88f457716f0a07073b97cdafba5f3b,"33,339,510.06",No,
0x8e1be9fb773f2fd6bb2ec342249caba8d3b9b06c,"33,282,314.46",No,
0xda648c91801bd0bff61d1100228610d337627456,"33,211,933.47",No,
0xefd7f911a011fecc1c984d28fd01761e092e1ff1,"33,203,883.70",No,
0xa227a71e217173de3edcbfb66607e3ef283e4a82,"33,103,852.78",No,
0xc8a1cf6a5ab0a80c4363d293b9e18666e4b16b4f,"33,000,000",No,
0x3820e04f4d00a06338b66e9a1c67bc13b7d069d5,"32,796,931",No,
0xeac50128fb138eca0b1e945a208af8df36427429,"32,707,375.76",No,
0x0b60c2d4e58c18a7d1807d8195ac4ddd52f1e4c0,"32,554,785.27",No,
0x55ff197993a6d33eaac9a53305b2d0edd490b034,"32,494,302.46",No,
0x7d6d682795a5b704fc5ddacac91398c62b8b5416,"32,261,014.31",No,
0x8a2671bc2bb3b8539b5db9052733511eecc306dd,"32,256,663.77",No,
0x1782164e3225842645c314ec7c991cfb36571683,"32,231,832.79",No,
0x22af33fe49fd1fa80c7149773dde5890d3c76f3b,"32,061,388.50",No,
0x244103eaf414db32fdd78301bcdee19a284cbc8e,"31,928,825.59",No,
0x45b9df024c7b9af6bc1627ff34eeb2a2fc79c0e5,"31,745,913.73",No,
0xba798a5d2695e169cc9a95c122a27df57f06044d,"31,688,353.49",No,
0x5e439b06536ce2a9f17b226b94a13b438ab971fb,"31,510,819.71",No,
0xd929fce80152e986088af291b582890a6c6bc619,"31,433,150.35",No,
0x9021a27431d2d46bdbab44e8db56d3bfc869231c,"31,391,162.51",No,
0xaf64f47f6b27c8d69ae2950c71bb4899387e0139,"31,211,773.91",No,
0xc1da43debf4f29636c1efd5ec1039bcc3bfe49af,"30,424,589.86",No,
0x4d18d1d6cb67962cfaba83e7fc176ce329518f23,"30,290,809.68",No,
0x6e37fd6092c669f5ce7f6843394bdb67189bf099,"30,191,944.32",No,
0xdb7ba3b458950bf021bcbb5549bd764bfbbdfd84,"30,024,776.20",No,
0xea310c966d3ff5e09c65487f1763b21361eb71ef,"30,000,009.78",No,
0x060ae3e8cfdaae1ac42a0a3b025b742fe2b710b6,"30,000,000",No,
0x7c45ee593dce42ed880d3f85d1e36046b0559b00,"29,891,365.23",No,
0xd1c5126cbd3a864230bdb1e3230299199876a92f,"29,679,606.96",No,
0x57865992a368d4a827741294afd3dbcb0f679267,"29,451,693.39",No,
0x10f16811b18aac6a9a85476297226ad8aa079af1,"29,305,165.85",No,
0x1edc7a95513aefd09df8310d410dbbbf2d0bb36f,"29,046,417.42",No,
0x019d09cb81641b100e277a353c3e3329388674b3,"28,750,436.37",No,
0xfd16849d324e31bf1b0b1dfb15b39d95d87fdec2,"28,695,768.24",No,
0x373dfc63eb5f1c29861fc26f91854744b00e68d1,"28,399,569.00",No,
0xec1ceddb51c01071aa39b64cc2009d1250782376,"28,206,984.70",No,
0xaed52ac590a7974801e0ed98862ecf35dfb0a9e2,"28,112,806.07",No,
0x3745025031bbe8e1a29adf38c532ef00ccbec00c,"28,097,833.81",No,
0xadcf835004580fa770e7a2d1cf8353e000f0ee2d,"27,556,999.24",No,
0x8e5dcace251d627b8ef42d0063dc7c48ef5d3056,"27,502,568.10",No,
0xb6810eb48fdf109753e848dd4acef31e2e236056,"27,467,690.53",No,
0xc1211633ab1af71bcfcaef5c7ac6518cb231d869,"27,068,067.70",No,
0x087886a2aa1e263bd72eb67a365d268a3e13c85b,"27,000,000.76",No,
0x1140404b69cb91371ef8b20c23fdd8b16aa8c3a9,"26,822,127.48",No,
0x0634f86d3e8902f69fef5b72c73609b01ea3dad8,"26,725,028.37",No,
0x73d3be8e1ee235c6a0a8b15dd406841263901286,"26,693,505.45",No,
0xbabb95f8754a1a97ab0ff67ff6413e624786542c,"26,429,332.70",No,
0x964dadfc160aaa79f9d12c51758c5ef7df802869,"26,167,900.09",No,
0xce370ebcbc655f845df7dfb8c079e75b5ea17d93,"26,024,168.91",No,
0x5b8373c738d377e2a0c126f90f54f36f51375f6a,"25,889,951.00",No,
0x30c9ce90a44c9cb16015f2de7f9c3d0364000fc8,"25,760,742.30",No,
0xbc98fba393c9a42c0cae2e32eccf5b2fb0a060d1,"25,748,726.58",No,
0x13269e022e104aa572b568b81ecb381690f5477e,"25,673,039.98",No,
0x42c1d5a03388f32bee82ec3636e75bc5891897c4,"25,585,861.96",No,
0xe9b84401342fdd77393c219687599417be1fa6cd,"25,571,243.82",No,
0xa2b1800a6aba245ff376009b00616f730afbf583,"25,516,829.42",No,
0x5beed0516cbf1857183c9fe25179eb3b3c2fdf43,"25,487,946.04",No,
0xd01fe03aba9eb73ff92e2b64e22daf99458e4f54,"25,320,521.82",No,
0xa3d8d6e9fbc6e9fd19dcf6d6b7d5ec14ded35371,"25,199,642.64",No,
0x0cb8934f7efb2c8c5c925247a7cdcdaea5dc793b,"25,153,671.38",No,
0x4ff1d40fb7b56665bf95d8d8e3a5320de46709a1,"25,097,221.01",No,
0xc3f30b196e23d862432798c48e22c5de23109ec9,"25,069,028.21",No,
0xee2f0b52bd3bcbced0a3f1a9d91c1f54c1f5d036,"25,010,538.31",No,
0x158cbe24e0c054c5d06c5984763177ccd27839a8,"25,000,213.94",No,
0x198109b0d2c786a230d18b622d3b7a1946131e09,"25,000,000.88",No,
0x08103e240b6be73e29319d9b9dbe9268e32a0b02,"25,000,000.51",No,
0x0fe91befc1edc8be791f8938bfbe8ffe38d99340,"25,000,000",No,
0x7fc2d38f892a4f414c64244c9cf7e1cfaf4500b9,"24,827,203.78",No,
0x57f8415c3218fbdf3c67b5047ece5546d3431c99,"24,664,581.72",No,
0x8dbb710342316114ee8c8d1a9b9fb2c0da69a574,"24,595,317.92",No,
0x033ee2e028a6c7655aac6efc195e030741bea1ee,"24,575,228.85",No,
0x32d6fb3fd5124542dd720ea4fcdefd88d7617587,"24,500,000.00",No,
0x2c454ed243041b97b5afebb5a2850e05a0262b88,"24,477,410.76",No,
0x7810ab38347620abc78e46ca29733a99aa24a6a7,"24,476,847.84",No,
0xdc0ff9969b89c426915a5074ab86b7b83ffa60cf,"24,201,756.26",No,
0xdd0a20faf5147dc29a16e43e5c0fd4ca9bfb4e36,"24,167,205.60",No,
0xa0583d63f78ed7ac575c99a4ed4560b867a73f69,"24,077,095.20",No,
0x0116acf39cf70fefc3c23c88a37e59474e8e17be,"24,057,259.56",No,
0xdd463594285e44ccaa60ff29a5be8090602c995e,"23,763,045.29",No,
0xb3479ee70589a732f25556cd9093b49691896489,"23,665,321.03",No,
0x90b3dcbff23663efa6df18931cadfb9a47bf5a2b,"23,464,781.36",No,
0xe10e270b91730478d9462cc588b6d2d250939e27,"23,400,079.16",No,
0x0b10a7e79a9f9405f04ea26b07d9a0a9ac205fb4,"23,394,865.42",No,
0x91727ddf4f2692ea11489f29fb038e4b790d8842,"23,300,413.50",No,
0x5d70c8dea8157b58f4030576b0004baf30b71350,"23,046,071.32",No,
0x4d4d151dde6284f731bb7f391f3941010aa0038e,"23,000,000",No,
0x7f2f70c878e1bdd86b5af2a47f60611ce7f16215,"22,839,778.98",No,
0xbd838be4ba5db81b4bce8dbb2346c3d2534f63f2,"22,838,341.89",No,
0xffdee679efa9b55ddcb3d263828716d7408a5e56,"22,833,418.96",No,
0x4b460a39c699d37c7376f84fdc401c53729dbe80,"22,830,631.17",No,
0x63de0f6249deb4b7980f9d40582a66689e38554a,"22,726,150.15",No,
0x824bcedc77a27c3d8d45573ff14a10bd4b215403,"22,695,835.52",No,
0xc34013cbd55126e676b260b7142c80e6af800a00,"22,601,540.83",No,
0xe91bb3efe92de274de9dd9f2b820125e8f007ac6,"22,451,564.12",No,
0x46cc0fdf8307663c172a802bba34414c74a30b46,"22,416,770.42",No,
0x8d748dae624d76890d6ce49057962767d7cbfcf5,"22,348,103.58",No,
0x484ec62385e780f2460feac34864a77ba5a18134,"22,299,904.76",No,
0xa296748c695df42afe03474e222055a5e7c8ed40,"22,236,573.18",No,
0xc210086f4caea1dcbca5941e2535d34952f2813f,"22,187,836.10",No,
0x8a25d3903d6b4abd3769bdddfe03d5303500b9dc,"22,106,010.61",No,
0x4d69387a60ece94d2a3fb5ac6e125cf983fa0a71,"22,069,279.54",No,
0xe2cdf9b457c8f2df33d0115e71029cd571761573,"21,956,912.44",No,
0x05c62f6100844e717cd84dbdc96a1fde602fde83,"21,837,988.89",No,
0xb614f0e24be21044fb0ee630e3dfbae20b0b0c95,"21,730,819.85",No,
0xef5ccdf2331beee2299294de9d05fd7d916e54bf,"21,465,229.44",No,
0xe350760c1bb16688e880475363cc289fd34791e9,"21,413,720.19",No,
0x49eb329640cb1cf9653ae1d2fbae8f7f96908d8f,"21,402,768.52",No,
0x0d7311c979fd4e87ea226d259d593f4ae0968829,"21,159,012.22",No,
0xdc44fd0fcc2b25cc6a7dadd3054042368fdc6dc4,"21,062,160.06",No,
0x5c356431b49974b424779d9a5d3e3726f792e00d,"21,001,788.41",No,
0xa8f453ba7158fe3ec4adb2fe9e8273bb760a85b2,"21,000,000",No,
0xe504605fed6ec58a6c38d1689fc05003c66ab963,"20,837,870.69",No,
0x8f1a68dd248db69aff78b57b5618949a37b3659c,"20,816,531.91",No,
0xb3af88f40dcb2934a8ad026ee6084aea4628910a,"20,645,141.36",No,
0x984da4551295b8f003178b6c8513eb51c538fb2e,"20,582,142.03",No,
0x0dd86bcfb47717831d7bf2a2329837320e072a57,"20,475,706.74",No,
0x9e6d35e742279c75650247a5c24ebd987b54408c,"20,461,042.09",No,
0x25994d655035d06a6859f8913721e10539880606,"20,310,587.60",No,
0x085d279039128f6dc81857a9eca712799168e361,"20,235,068.89",No,
0x6fe95597c0762a13fa4160219374774c5c3168b7,"20,172,661.44",No,
0x5b586acacb1c60f9fcdb27f7bc89f12a3d6844fc,"20,148,834.92",No,
0xe28eeacbbcbbe509579bb71d2fa0ef07b1b682c4,"20,089,311.94",No,
0xa33ba7bf6f2343169de5a0496cd76da8839ea3e6,"20,000,000.44",No,
0x6005cdca3e6aef6aa9ff5a6301b09c770aa55783,"20,000,000.05",No,
0x8a08e3ce6ced24d376a13c544e45d4dda02fafea,"20,000,000",No,
0xdbee1cfa10d706ef868dd2dff97246cb6d73b530,"20,000,000.00",No,
0xd2057832bc4abfb4aa0d76d5ba160a079554cc10,"19,964,680.07",No,
0x79030f117e745e05b2917525316fb717270a24cb,"19,940,106.47",No,
0x055085d57ec9d9750c3b28a25f6f3e520e7766e5,"19,669,141.76",No,
0x7f93c47f61a08a511380e256f6d1bf4785fe2fde,"19,498,576.83",No,
0xc54699a2ee154f7334f3818aae27dbe95e06c617,"19,486,600.14",No,
0x8a5adc20b7e17d6535e34ff31bc9549ac2771286,"19,361,708.66",No,
0x1208ae789ba1b71df328ff54a73a73cc78eece82,"19,260,354.06",No,
0x0d046077e3ffd69392cf12817e60f1c7d95d7cd2,"19,238,386.56",No,
0x7e088fd5312edd6a6a9203e743d09c134af1a29c,"19,015,869.72",No,
0x9eb8c7ba2b43b503c7eb83311a0358f9dbdad5cd,"19,003,528.98",No,
0x75e532ef8544ee513affd2811e045d4a229fd4ed,"18,830,091.18",No,
0x8b2a75c722ca720495254a7a895df409e94aecd2,"18,775,479.79",No,
0x40c8cef5dac8e6d0e4e11d1856c155fc4ee31046,"18,750,000",No,
0x6e8f952984d5b006bf8d461856847efeea76b992,"18,717,863.00",No,
0xb15ebf21a217af1385df577932a14b09bdf8c434,"18,669,487.05",No,
0xb3931273e8c6131bc0ee6d2b0793e4a933644472,"18,441,757.73",No,
0x38eed3cceed88f380e436eb21811250797c453c5,"18,340,446.93",No,
0xf3d2f74547c8dc10ec9b79618084091a41b3efd0,"18,301,906.83",No,
0xdad246c664530d8b645485ee0c07fa8ecd029c8d,"18,188,910.99",No,
0xc1fbb588d85fe6eeedd5a902064d1b9babe49cc2,"18,146,781.34",No,
0x6ad1a91ca59cf12d58c5f81dd737e8081c7c6e64,"18,137,002.95",No,
0x5f342e631267898886af68d2c44c299cdd804ea4,"18,108,891.13",No,
0xf535738f24a8ed5f4432aac2863360f9256ae33c,"18,091,611.41",No,
0x78e3b6b93f06aa7790f61ded7bb8020e1ae17d7a,"18,000,978.90",No,
0x4e26e4f66c4b9370840a35263c11d01e54d26479,"17,927,181.35",No,
0x5da6307887a2ed6858600c9f1b3da736aef25feb,"17,912,884.17",No,
0xde0b81b674dc3de155e8376dda9c9180bf58384a,"17,801,530.34",No,
0xb08b07772f23861056a74b0b01faa32596c546d2,"17,773,060",No,
0xf824f5be35344f897007bc9bad80ffc45a532355,"17,678,483.71",No,
0x528683966d2e812f9eb0d40490b0e87728ad4fe7,"17,533,323.00",No,
0xf2e3b660c46e33445a1310baf41a665ebb3223e8,"17,527,156.46",No,
0x85b410cb30f7ab48d4ef3108a704d143d04ab4f5,"17,398,839.14",No,
0xac3fd73f55f900d743ddbda35e1c8b2b690f8e42,"17,394,704.69",No,
0x668f675e0477e8bfbaa49c5f726830ce51cf2634,"17,365,728.53",No,
0x922bfc386b3d3191eb82ab44323986790cd1224c,"17,325,285.49",No,
0xeee1e225150d6e277f92766ad167097b1491613d,"17,172,629.49",No,
0x86f26db236b9681df728c4ee2b6bcf8b9c0ca2a8,"17,087,858.51",No,
0x8f959bcbaede29a99fc911a0253210eda78c0101,"17,009,795.06",No,
0x12733604c03fc9641c196aff50393c8e42e3612a,"17,009,074.72",No,
0x886ec28eb91808583c7e91d2e6cf9d0b3db30b0f,"17,000,000",No,
0xad93602657dca36570118f88af69f4706b283476,"16,850,741.41",No,
0x4ae8c7ceab309ec9fe111754b354dbc83db11262,"16,774,141.30",No,
0x9144d3dd30e5b951d480e0977aa9da231bfe92e2,"16,708,770.33",No,
0x708b51b93ceff6c4be500a21463e3f0126b35b20,"16,708,753.40",No,
0xb81fd00a9b843243139a2cb6c0e7d0aa3249de29,"16,707,156.58",No,
0xc473c914a0fde9898a55c33a72a64d0041738eda,"16,617,410.99",No,
0xcd763667cd74543bd05c19386347441d3d3f6392,"16,466,318.00",No,
0x06d6f74c14ca13505220751ed21da78c644a9144,"16,450,289.49",No,
0xdf938d253a6fb2845eb4b96f27cf8b3d61216b93,"16,321,193.67",No,
0x232acc46e5a63a83443fe223c3fb2654830c9e2c,"16,304,776.57",No,
0x55eadf14744b95a79637e4bf32c2f20f3827dddd,"16,302,315.68",No,
0x4791c84ebb2a695e67515675749f33970f9003c1,"16,232,963.09",No,
0xbbf7069ac29db0f73ee5ece6246547d3f5fac77e,"16,149,717.26",No,
0xa27230384aaf68325d9493a71c0aad28046fb431,"16,000,000",No,
0xf3b79bf7da55d4adbc049d973fd6556371ae2848,"15,809,633.61",No,
0xcb5413525cf413b0788d782f0781d857074edd8d,"15,591,947.98",No,
0xb02d8f4a4a138d0402683c9adc82ae774d4b91ad,"15,534,704.56",No,
0x322ea2639e09bf05255602fcdf16cf80d90a2407,"15,530,553.49",No,
0xe9c42eab864cbdc8a07a2361210372cf0464e189,"15,337,261.70",No,
0x95dec0ba8ed45d3e91b5e57a7e7d480eb8fb77ef,"15,290,695.00",No,
0x1224e6d9a96be15eb45ce280d06116f523a16128,"15,276,816.52",No,
0xe61ac78246cff6e93c6ced01e0e8c2eaff34df6c,"15,233,086.44",No,
0x01a2125fe86a82504178b56082018ffc37e30863,"15,138,781.48",No,
0x53ce7f6f8a5bbec9b297b13887d395f8b42ec8d8,"15,051,752.42",No,
0x54e0fa2f898d25f59754edb2db25dec54de0e291,"15,022,913.23",No,
0x2513987b2bfa95d789410a5f40faa942478c73f8,"15,000,000.00",No,
0xfc6709fb02760f053512c95e8d9a6b23c95b7354,"15,000,000",No,
0xb7db55e85e9ab2b800a52c936ce4ab33adb5fe6b,"15,000,000",No,
0x932eeae146d7b1c670abeaa8d503c27ced8f1edf,"15,000,000",No,
0xa9a8a0cfd1904d16ea097154bd7c4bba159e51d9,"15,000,000",No,
0x0f1f7b965cb1fd03ea0f0af55811c0dec0844bef,"14,999,906.86",No,
0x51c6cc3bdc9ee34575da44a58107346ef92ab409,"14,987,917.20",No,
0xbd2895dc008c31ba7b2e9177ebec4e7b048acb86,"14,980,369.21",No,
0x55bd7d263f8f815631c39125b0fb623095ced147,"14,951,059.28",No,
0xa6ade9098ec53ce9b32f68f576f93093458dc7ed,"14,889,915.96",No,
0xbdae5df498a45c5f058e3a09afe9ba4da7b248aa,"14,856,936.42",No,
0xdc163e65275368b3145a1a386737d0cd6127c1e2,"14,828,181.34",No,
0x237279a971e778999642c026a2088312c3514d9f,"14,772,617.09",No,
0x8c5a5114d03de55a2c3e9c499906d838de17dd94,"14,746,220.10",No,
0x69a404751b9016de94170f71ee0b29c7ad42386c,"14,713,630.47",No,
0xf33994595eba61e038db238cd495e06bc031d4bf,"14,690,228.49",No,
0xa532e9c59aa9ca1ca6832240f2ad52e329dccacb,"14,636,410.27",No,
0xed7cbd31066617e5156669412122feb794d9f6e7,"14,620,941.35",No,
0xdacadddf821ce45523d0ca0ef14623894044647f,"14,609,708.60",No,
0x0df272065bccbd1016a88ec4d98476cbbd546939,"14,581,938.65",No,
0xeb30eabdb0c829c560d3cbcca7d907b217f49c8a,"14,544,078.82",No,
0x8958ea4200a0c47879164ac5d0aaba5b94f3fd2e,"14,439,863.12",No,
0xc7ff8cf0705549aa2eefc38373bb5b9863c503c5,"14,347,052.85",No,
0xb4ef01a137dbd9c5ec45fb0147f0f0f39620b2cf,"14,346,678.55",No,
0xc16e685de885efc4a01d159db62bbb613a96ba70,"14,324,375.60",No,
0xdc158f9344eb5edb59a158061a114620ae7809bc,"14,310,586.89",No,
0xd37f0df3ca8214ee8dc64c12f3e83e3dc6471bd8,"14,072,065.59",No,
0x2fa9de592d6c231a4ea07fe1cd0932cfb6df9127,"14,069,568.34",No,
0x4e52436caca407783985de2805adc48a312116df,"14,041,143.55",No,
0x092f4044069f1aeeb66bfca269bc38552d245ccd,"13,996,931.07",No,
0x8b677920893afce780f2becb88fd886ab73293a2,"13,967,416.16",No,
0x10b2f2d2701ebda12a7ee7654baf45614915ae36,"13,947,482.60",No,
0x0f26ddc9e71b47e30411187433baded96c821677,"13,911,735.52",No,
0xd78d8bc65f2c7433ef7430a17e722e3d6d0d6618,"13,820,161.28",No,
0x32a9f7977f4d5ffade64207906f49fc87c20718f,"13,793,608.79",No,
0x8889bc01df9b009612e25003eba5d07678dc18ad,"13,782,459.58",No,
0x76963ee4c482fa4f9e125ea3c9cc2ea81fe8e8c6,"13,704,600.54",No,
0xf270615cd3d7cd1a2459b98ad38eda31ded314d0,"13,690,008.87",No,
0x168ddd79c22b8c608289198584e92985fb4f8490,"13,683,835.88",No,
0xdf227b8b06c0e519c37266c1a2a969180909dbdd,"13,654,509.24",No,
0x6a3e11eb1a49db4503a2546f9046c6f62d51c513,"13,647,617.17",No,
0xe909b83d87c337fe09ffe2382161695dc4b0f68e,"13,623,392.87",No,
0xffd6745f41a30edf147e860e13ba6c33a612b296,"13,615,071.19",No,
0x543f705e614d3d2685df25b4ede557c05c35a2fd,"13,612,304.43",No,
0x06f92a98dc90f73f57c6b758cf268f15351ae6c7,"13,606,380.84",No,
0xcce698e4ef26a16d0b62458f1bd59a821866cdb2,"13,604,832.56",No,
0x0cf10ed79cea6475bae7986c9e76582cdaad8f09,"13,582,719.08",No,
0x0c0c4cae57420c44dc3ac9d0eed1a3acd7225b53,"13,570,544.95",No,
0x413663f257d2476b8cec6c60fd42cd91f0f4787a,"13,423,994.94",No,
0x4df7bd7fa2237485d0fbf5bf4027d12be525f070,"13,416,906.41",No,
0xebe03c056549f7d52861b6815fc119670915de0f,"13,393,718.19",No,
0xa045409b446ce06e59ebcc8e9ab54feddd2f8122,"13,388,080.70",No,
0x17c9a4b6cad28f5074c81b056c32bad334329f25,"13,385,606.71",No,
0x019fd9abc9caeb476d7afa68bb675518c6be17b7,15106952568.708454,,2026-01-14 20:41
0xad3e02de4679d04e4c293244d707285f81d34383,0.0,,2026-01-14 20:41
0xaec085e5a5ce8d96a7bdd3eb3a62445d4f6ce703,0.0,,2026-01-14 20:41
0x1172a9b08573dec93cd53132875046f8e0770caf,0.0,,2026-01-14 20:41
0x000000000000000000000000000000000000dead,3037585222.01813,,2026-01-14 20:41
0x2813bbc5744faf12f2cc0bcd9a0376be41a5b0f4,2666305257.2263107,,2026-01-14 20:41
0x1ae824a5bf871d8ab4f1165fdce36978c085dce4,2655745885.4860964,,2026-01-14 20:41
0x0b18aa565a6adbd994e8d69c17a4a5c8791b2cf5,2596568323.3724647,,2026-01-14 20:41
0x6f7245140efd1a4a5b24fc981178ef62279e1c1b,0.0,,2026-01-14 20:41
0x301f742573c76ee107cb8e263f2d5c009ecbfb28,1486896785.4106708,,2026-01-14 20:41
0x6ec2e2be14e4dcc5c93e61fd221487b8ba1b179f,1300000000.0,,2026-01-14 20:41
0xb46ddd09146cf8c59c275f4cf277e8de6868f838,1167619702.7304661,,2026-01-14 20:41
0x279cd2b30740afd8802a2fac25dae77e5ce5d6ce,0.0,,2026-01-14 20:41
0x84780cb65b8be101165cc3f6981705a6400c5c72,1083989645.8257098,,2026-01-14 20:41
0x7e90590542e36df645696f161abdc526bfb6d247,0.0,,2026-01-14 20:41
0x58918db69302e21e0478c97f20de9153b9ee92d6,0.0,,2026-01-14 20:41
0x801c261cb2827bcbe3c831678c063f1691b593cf,1024193367.71,,2026-01-14 20:41
0x195486f44346a01120a7cf99425669f6e7fbefc4,0.0,,2026-01-14 20:41
0x90a5e11ee69e32b1991965efc7b1b83e235c23bc,1001000000.0,,2026-01-14 20:41
0x82836bd22f6e52c0fbc83092da0900a51c5daae1,984214436.9991496,,2026-01-14 20:41
0xa495c8d282875beb08dec4fa67e4c2cef3b51680,0.0,,2026-01-14 20:41
0xbd3961dacb800fc8b9b60344841d56fd3c798b5b,0.0,,2026-01-14 20:41
0x7e2dfb80eb68f9946f45d7f0ea7c89cd26660dba,0.0,,2026-01-14 20:41
0x1985ea6e9c68e1c272d8209f3b478ac2fdb25c87,704066144.4430243,,2026-01-14 20:41
0x6fcad30523f0f8648984f3c1b4318e2a16e16824,637294609.4861596,,2026-01-14 20:41
0x2452e136265e4b2ce559534e9eb18e9907f45973,609052327.1528108,,2026-01-14 20:41
0x44df085447dbebcf69c6675c3b8a795c7fdeb3f4,580000000.0,,2026-01-14 20:41
0x0d0707963952f2fba59dd06f2b425ace40b492fe,0.0,,2026-01-14 20:41
0x5f8da8f88ec81e27f2e22fcb9ca5d926c595e508,573680101.8220965,,2026-01-14 20:41
0xf6268a4490995eec09de097a7279e592992ab03d,0.0,,2026-01-14 20:41
0x2890a1fa74b806417d45edf158c569b8939012bb,500000000.0,,2026-01-14 20:41
0x02f67b2e6afbac5d1590c39097d03829bc0beda9,0.0,,2026-01-14 20:41
0xbe94d6b687c7de47c48fd433b6563b0ee3c0ea72,0.0,,2026-01-14 20:41
0xac619976d2a369eabd0e61021dec86fc8291df31,468434299.0633322,,2026-01-14 20:41
0x56b9f3eab2a563a277cf14604ac0a8c330715cb0,439407384.8971478,,2026-01-14 20:41
0xef67e9fe32f46a672af824e39c7a5126004d0cf0,418010580.8579467,,2026-01-14 20:41
0x2e7444ade51b2dbc723c6298679bac3ef8389c31,0.0,,2026-01-14 20:41
0x40ebc1ac8d4fedd2e144b75fe9c0420be82750c6,398966127.9543099,,2026-01-14 20:41
0xbada235e37f8ceba768cb167518c869a3765992c,0.0,,2026-01-14 20:41
0xcdd442e2de893c07146b2f1072f8e077559f9aa4,0.0,,2026-01-14 20:41
0xc0ed8b18b962be620d67ed824d12a24b0bfae22a,0.0,,2026-01-14 20:41
0x4444a136b1445b1f5e4a20656854adcf6fa3d667,0.0,,2026-01-14 20:41
0x961f6af1729f276c9a053016a2da2706a19b7c42,336548000.8131616,,2026-01-14 20:41
0x69dbc5b5803efe31f6cbafe73ed780ff81c59470,0.0,,2026-01-14 20:41
0xb11f0625dcfb71d8095f019aecf1815ca5746776,322065539.91395706,,2026-01-14 20:41
0xbd46e4944f631c31ac22f8ff757a5579b371d3ce,0.0,,2026-01-14 20:41
0x000bd7932374abd3806ab036424ed0f4d756123f,303967007.20292217,,2026-01-14 20:41
0x2e93b992ab8a11e954464e6b0b2e28098241f1ef,0.0,,2026-01-14 20:41
0x77f80700f974ca52cf52bdc87efcb3b0e0c4f78b,269369369.0,,2026-01-14 20:41
0x449e507e83789a388180bc6b3cf961b10aec00e8,251565129.35232162,,2026-01-14 20:41
0xd13da05b9288ba4961973110594bd0fe3428791f,0.0,,2026-01-14 20:41
0x434d36f32abed3f7937fe0be88dc1b0eb9381244,0.0,,2026-01-14 20:41
0xb6d6e1865bfa3de860ef331aabf13f08915027c2,0.0,,2026-01-14 20:41
0x2dc37949d73cc648ca45c6e22253654a1f1865d8,0.0,,2026-01-14 20:41
0xc24e6ad0d54779d47c7af0d5f602a7caecaf0bf2,223346154.1598922,,2026-01-14 20:41
0x9d962f144bb6ba906397a861795f89bbdffb1ae2,222865401.72536707,,2026-01-14 20:41
0x481c36a595b8f71a87f6e4a0476e67733edd6835,0.0,,2026-01-14 20:41
0x7c7a1bd67e41c563c8aacab011b6b6e6f82f8915,210894785.04616243,,2026-01-14 20:41
0xc43da75ada0636bb182635213d6ff26ed8d646c3,0.0,,2026-01-14 20:41
0xef0c6f892b0d6f3dde527416b67f7aa4a4bc0a86,0.0,,2026-01-14 20:41
0x9340989729aa956fe11fe9bf6038e3df627dfe4d,0.0,,2026-01-14 20:41
0x128c718152c4da86454547484a43a09ac4ee6e7b,0.0,,2026-01-14 20:41
0x8d2c826a0620b7fe05266fbdb29febb9761880d9,203463566.97264132,,2026-01-14 20:41
0x65c9874a0107c5553c92430a7aa3863a79d543fd,202684442.5003706,,2026-01-14 20:41
0x7bde5110222b2b69a72c5d4928f6d284686a1251,200202852.76759958,,2026-01-14 20:41
0x65b3e277ccd0643d3eef18d3873e909382bc6015,0.0,,2026-01-14 20:41
0xc72b54ffc17569d338ae9ea0fc3d565a71227f25,200000002.0,,2026-01-14 20:41
0xb11f9acc7726dbb8a529bc549432e1070657bbd7,0.0,,2026-01-14 20:41
0xf3b75aeb448fca1b457432fcca3ab8c491ba1e22,0.0,,2026-01-14 20:41
0xeac6a43ac78e616abb651f287cab58ac96e85644,190484970.7526354,,2026-01-14 20:41
0x32b1cc950ef25434172ba21a2afa0dfe2795baa9,0.0,,2026-01-14 20:41
0x498581ff718922c3f8e6a244956af099b2652b2b,0.0,,2026-01-14 20:41
0xeebceff9589546d9020f4a974184098759ed69fe,179702063.17542824,,2026-01-14 20:41
0x407cd980dfd24f868040379337ffded901825b97,176959637.2825387,,2026-01-14 20:41
0x21586d44b423e85cad6cf541e61461b36802a200,0.0,,2026-01-14 20:41
0xf290a936e78dbaa0b8f444f05cca22a192a43e00,0.0,,2026-01-14 20:41
0x75e5162644fca0392cce7dc6fe20f35e362ca8bb,0.0,,2026-01-14 20:41
0x5d2bb9e5a29657935010fdf2a911e957d51b6c51,169183854.26279372,,2026-01-14 20:41
0x8ef9c8477a01f9a28f6266513f62ba414cbf39ed,165786678.10398003,,2026-01-14 20:41
0x0d1e97c3b558e2bb205d294edb775bb2c935d200,162676099.9093807,,2026-01-14 20:41
0xf4508c3a2781f2a0bdf2b767c4fb937603611d65,162312462.17693067,,2026-01-14 20:41
0x44c3cf2d964d7b2f9be5fa612b0cc436720f6ead,157420065.58433166,,2026-01-14 20:41
0x631456089b908a73cb5563763869ef3bd067f7a9,154316898.48520547,,2026-01-14 20:41
0xb69c41f9546fe7e4ea8e218330990f518c80ba6a,0.0,,2026-01-14 20:41
0x6123f74cbdae63e40a5d46e4ae72d0418ce2a05c,0.0,,2026-01-14 20:41
0x105f11a93f8462745eaeeeb582959201b6f4f7f8,151532377.32039678,,2026-01-14 20:41
0x5608e12d1c281c5e6ee78638630467a1476bf05f,0.0,,2026-01-14 20:41
0x605c8418be0667a74c4f06a26246d0bbb61cb267,150753100.07661787,,2026-01-14 20:41
0x535be74309093b3a911b57e42ffdac7213078735,0.0,,2026-01-14 20:41
0x44fa987b5ab185e7d87bdecd7c0e0341f1e2a1bf,140600628.88636157,,2026-01-14 20:41
0xd37b1ea54a39256bd1e97f65f8e9c996f3c6f430,0.0,,2026-01-14 20:41
0x078e88e465f2a430399e319d57543a7a76e97668,0.0,,2026-01-14 20:41
0xf84408070b4de16d6bb0ab2fd8b19d37e3fd1422,0.0,,2026-01-14 20:41
0xfc8e410501fa7213c1efec6fe497262355b1f063,132509512.00306621,,2026-01-14 20:41
0xd4bf6958538f26266ef2a32db47d296323734b5a,0.0,,2026-01-14 20:41
0x4f9a04bf67a65a59ef0beb8dcc83f7f3cc5c5d23,0.0,,2026-01-14 20:41
0x85debcfc9792195a62899b5937db15c8ce14f0ea,0.0,,2026-01-14 20:41
0xed5b18ce5f58efb74229b639b4df3dbe6bf52021,115679568.50480981,,2026-01-14 20:41
0x75afaece8cf2a7974b1e541648923afd9339b3f8,113676271.11378612,,2026-01-14 20:41
0x7cf983852f8715be3d0c97897bdf97a8c55739cd,112505276.4621532,,2026-01-14 20:41
0xdc59da89633fbd3bd27bd22e5acede444c394beb,107204951.52161916,,2026-01-14 20:41
0xe37fa838dabe3ee31394b620e9ebbc04c7d3494f,0.0,,2026-01-14 20:41
0xd451b354e6ae8d7c191b5ecf3fcdf2337aa2a2d0,0.0,,2026-01-14 20:41
0xf7757f0e9b68bd2c256ce0410589de58f22cb277,0.0,,2026-01-14 20:41
0xc5085f53fe9e547b68bae85e435fce23d246793e,100999999.99974759,,2026-01-14 20:41
0x4761e12b65d001bde2ea3ef60b9840ce2310893d,0.0,,2026-01-14 20:41
0xfbd463c3794b6adb79cb3c4b28e1e97450afd3ca,0.0,,2026-01-14 20:41
0x5943270542f42d6ce2607c046ad4cf8a97918820,0.0,,2026-01-14 20:41
0x6ea732b1e79ba5b42eb174e406911900723ffd7e,0.0,,2026-01-14 20:41
0x155f2475479044582364a9d1ed01f85c20c527ba,0.0,,2026-01-14 20:41
0x66ad813b63034598561fb69abace2c208d83a9d9,99989901.66913515,,2026-01-14 20:41
0x416ec2ca21a38cbcfeacd6a14532b3f348356d23,0.0,,2026-01-14 20:41
0x6bd777bf19dfba7fddfa189876b0aac22dd9974a,0.0,,2026-01-14 20:41
0xbc5ce2dfc7a89d597c26f556a9670a99b73f2e0b,96638833.13282983,,2026-01-14 20:41
0x4f9f0a0b6597435e7b6d8e24296dfed54b2763f5,0.0,,2026-01-14 20:41
0xd44b14c0bbaba98a0ed5e73250fd19769f13160c,0.0,,2026-01-14 20:41
0x44551ca46fa5592bb572e20043f7c3d54c85cad7,92623005.95728822,,2026-01-14 20:41
0xf8cfc5635327ee30a67523c26a8a49dd4e77a0f4,92500000.00003284,,2026-01-14 20:41
0x3c46f73958e50ac8bedbc6cbedd7718b73c69298,92102133.96803844,,2026-01-14 20:41
0x3aa04ae52fd1423272750a9a9ea47c2724d8f883,0.0,,2026-01-14 20:41
0x7f90adebec02b3d8a083adb3c3cb5007dcf23356,0.0,,2026-01-14 20:41
0x0e65cb6e1abb6366a20d7a552b3e1cc7a59bde50,90424742.6842671,,2026-01-14 20:41
0xcb332a38a9770a99e0f986eb821f37190ad8cff3,89079539.3436578,,2026-01-14 20:41
0x27661dda1fcb28835574fe39401f1e175b7cc2d1,88222145.16557325,,2026-01-14 20:41
0x3453fd6413e0cbad92214247140922771c621409,88185599.165457,,2026-01-14 20:41
0xb74da7046b1f4979f888bdd1183049b00dcc9e25,0.0,,2026-01-14 20:41
0x48a15921864f0c5c3f27683a6b643fa263002c0b,85875776.87202445,,2026-01-14 20:41
0xab6ff46c50cccf079bd6c519ccf34c188f80bd72,0.0,,2026-01-14 20:41
0x6d27b8bf89306509f19ddf48e42944db8aafae96,85072110.97700566,,2026-01-14 20:41
0x91397a787a0856ad57dbbeff3e90e661b75d52e6,83320469.78560938,,2026-01-14 20:41
0xe87b933e326195d399725a8d4f7abde743bcfb1a,80500068.98980308,,2026-01-14 20:41
0xbffec59f5e85f37af43a872dbeb641cd18921f04,0.0,,2026-01-14 20:41
0x3c84b3b05307d21c4579c13b134efdd4755d2e01,80457664.5106073,,2026-01-14 20:41
0x55eadf14744b95a79637e4ebf32c2f20f3827ddd,80000000.00296153,,2026-01-14 20:41
0xfd37f4625ca5816157d55a5b3f7dd8dd5f8a0c2f,0.0,,2026-01-14 20:41
0x4dfa12cba256d6e987a0677feaa60b6a6a165db9,0.0,,2026-01-14 20:41
0x69fcecd421935719de38ecdb5a884359959ea0a3,0.0,,2026-01-14 20:41
0x4a3e6e66f8c32bc05a50879f872b1177a1573cdf,0.0,,2026-01-14 20:41
0x1d064b8cf952a49d0b7365fe4e1dffa6de67c7b3,75000000.0,,2026-01-14 20:41
0x0058417b60283c461367fc577089ceab8778a6e2,0.0,,2026-01-14 20:41
0x9b2ee1147e069c4eb4556658fb49f98e66284a3a,0.0,,2026-01-14 20:41
0x4123ffc81579e38dfff74b75d8bdf21c41e62237,72500000.0,,2026-01-14 20:41
0xd095e0f8c72e22319846b643c4bac0cac1f67006,71904728.58735085,,2026-01-14 20:41
0xf205d9c2b39190dc73dffc4dc7a2560069d41e9d,71772753.50896572,,2026-01-14 20:41
0x9e7dcaa66465cae8980f94513f698a6ab8c19541,71542486.46128248,,2026-01-14 20:41
0xd26aa7c9d77f3f12c950366e061c1812216039e2,70880533.2152521,,2026-01-14 20:41
0x47d57657b1a48821ade8dfec7cfe0f3602fb105a,0.0,,2026-01-14 20:41
0x8a90e9decb493fd5521c4a8adb6dc385d14ca8ff,0.0,,2026-01-14 20:41
0xb0e4c413b1cb7abdd78bcd47df2aadb300e34cb6,0.0,,2026-01-14 20:41
0x2052571df047ca7b2c346bbfac0952561c5f374c,69742818.86421768,,2026-01-14 20:41
0x8e4d15556b04f08f084d692e63cbac9302875883,0.0,,2026-01-14 20:41
0xec33ada7ca07e04fa811af921048352a13840f4c,0.0,,2026-01-14 20:41
0x887aeb2c97b025de69c6f89228b616daa8a2b675,67850649.06185931,,2026-01-14 20:41
0x65ba4f92d7dfa813ddbd849d9faf38a723dd9b12,0.0,,2026-01-14 20:41
0xe6fe49c95f01908bf5b0227d79cc0a06f30a0123,67591486.22540085,,2026-01-14 20:41
0xd1db1756dcde2e014813d0c4dcab32512ca0e1ba,66619503.14420767,,2026-01-14 20:41
0xbb00900b914c71d7cc0d6c8865359499b9d0b3b6,66542817.5610444,,2026-01-14 20:41
0x17accf90ba294df3bc2f12818d18a48c756a90d5,65862478.04977189,,2026-01-14 20:41
0x322d652c13dedce8730fe60d5282afa018d78780,0.0,,2026-01-14 20:41
0xf5c804effad38b4e327fe3f4758668a793828372,65078046.05101585,,2026-01-14 20:41
0x758a15d4c972d54314ece9d6701d086fe2c5e757,0.0,,2026-01-14 20:41
0x62aaf39b1b2866891c41edefa15f253f7d41e477,0.0,,2026-01-14 20:41
0x25e3c81948ebc3997421e845f1f1a6f7494ed50a,62708417.554969765,,2026-01-14 20:41
0xbada51a47fe8a915fedec4b78b13b8f7e7c5af2e,0.0,,2026-01-14 20:41
0xc6902863ee149ec3bb5a85f75de97788f099d0df,0.0,,2026-01-14 20:41
0x66d40210b7e322f938fdf401c99a32cb25c9f982,62242612.16818511,,2026-01-14 20:41
0xe92cac0ddd20a8223339f210c6b932432079a9d3,0.0,,2026-01-14 20:41
0x2708c3e6e3c88715d342a0ddf8d1e2bde02838d7,0.0,,2026-01-14 20:41
0x8b076a81e4b9b1efb81b7d01ca610331395e7c9f,0.0,,2026-01-14 20:41
0x227fbb12e45c7b8f3301539bb3ad4e33a47017bc,0.0,,2026-01-14 20:41
0x4dd5dd7dee89ed216e031fb93e7919f5a7adb41d,60108019.72072632,,2026-01-14 20:41
0xa99597f95e9f269ea56bb75fb03d3cf7d5bbdfb5,0.0,,2026-01-14 20:41
0xfb689a2921370343391b753ba86a218ae570309f,58450758.87698404,,2026-01-14 20:41
0x68577318181f616c652c89f37e2c3cbf37b4c2c0,0.0,,2026-01-14 20:41
0x46162f7fadd5f3245300a1986ab4610666c57f65,0.0,,2026-01-14 20:41
0xe5387a884a9714304c516f70c8a319b7bf1b44ec,0.0,,2026-01-14 20:41
0x6f8e39673e598e2b701a7f70d9e18e769f915fef,56992881.67533734,,2026-01-14 20:41
0x2499bdf18e33eb830bcf0d1c1e47b7e0cca07071,56691978.09560882,,2026-01-14 20:41
0xbd002732e529425cad731f380edce627035b7555,56210718.14034043,,2026-01-14 20:41
0x88c2dbecee7104c771378b4fce75eca79308664b,55898567.89253228,,2026-01-14 20:41
0xf5029333b4b4476d4e2df5d6416108f36f81c80d,55843124.56610878,,2026-01-14 20:41
0xd66d4013e5b6d657831f80bafdc538512b99353a,0.0,,2026-01-14 20:41
0x849151d7d0bf1f34b70d5cad5149d28cc2308bf1,55183074.93575743,,2026-01-14 20:41
0x98c0f85b37dbcbca28528d9653ea69ebc04f611d,54963064.50698912,,2026-01-14 20:41
0x4f66c3a286659afaa4a9899600087857c998dbf8,53085463.94199259,,2026-01-14 20:41
0x1e7a617ed598a39ed5a735573fc56498d7a2cf77,52961724.53101368,,2026-01-14 20:41
0x86e3a56614aa234b17c19e4ef03b4f87e0575299,0.0,,2026-01-14 20:41
0xc16aecfec42b5ec2f24eab1fb2daa0cd90ea37f7,0.0,,2026-01-14 20:41
0x41bb7f75f1311ba5173a2d6a8f329110e22a1582,0.0,,2026-01-14 20:41
0xbce77e2439e2f9aba6726718385d83e18baae383,0.0,,2026-01-14 20:41
0x0c2ba8a4bba6c019a1771c73e304d383da4773ff,0.0,,2026-01-14 20:41
0x5f8b9b4541ecef965424f1db923806aad626add2,0.0,,2026-01-14 20:41
0xa55f8876aa5e844fce048202b207b0b209877dc8,50423881.60819649,,2026-01-14 20:41
0x6f93d1f8cdaddc61214c59a2741f2f0271cf6e2c,50228414.56125574,,2026-01-14 20:41
0x5581a582b431250d206b113d38f4af67722a06b1,0.0,,2026-01-14 20:41
0x888497f84b6b6cb147a6791193e60abc3ef844f4,0.0,,2026-01-14 20:41
0xc51d60061b30010f1cd125f4241d8c1fc64c0cd3,48823704.026520394,,2026-01-14 20:41
0xc348cdad55c576efb3c98a5e47ccc3ed94cf4805,48719755.482768536,,2026-01-14 20:41
0x0054d246176eddc8df6d439e78507137d7b130ec,48369431.11710034,,2026-01-14 20:41
0x0c6cb04449643422ba0dcd096c2eabd060ad63d8,0.0,,2026-01-14 20:41
0x019fd9abc9caeb476d7afa68bb675518c6be17b7,0.0,,2026-01-14 20:52
0xad3e02de4679d04e4c293244d707285f81d34383,5642416679.96657,,2026-01-14 20:52
0xaec085e5a5ce8d96a7bdd3eb3a62445d4f6ce703,3731066222.9758534,,2026-01-14 20:52
0x1172a9b08573dec93cd53132875046f8e0770caf,0.0,,2026-01-14 20:52
0x000000000000000000000000000000000000dead,0.0,,2026-01-14 20:52
0x2813bbc5744faf12f2cc0bcd9a0376be41a5b0f4,0.0,,2026-01-14 20:52
0x1ae824a5bf871d8ab4f1165fdce36978c085dce4,2655745885.4860964,,2026-01-14 20:52
0x0b18aa565a6adbd994e8d69c17a4a5c8791b2cf5,0.0,,2026-01-14 20:52
0x6f7245140efd1a4a5b24fc981178ef62279e1c1b,2133784064.707425,,2026-01-14 20:52
0x301f742573c76ee107cb8e263f2d5c009ecbfb28,0.0,,2026-01-14 20:52
0x6ec2e2be14e4dcc5c93e61fd221487b8ba1b179f,1300000000.0,,2026-01-14 20:52
0xb46ddd09146cf8c59c275f4cf277e8de6868f838,1167619702.7304661,,2026-01-14 20:52
0x279cd2b30740afd8802a2fac25dae77e5ce5d6ce,1162681820.6779525,,2026-01-14 20:52
0x84780cb65b8be101165cc3f6981705a6400c5c72,1083989645.8257098,,2026-01-14 20:52
0x7e90590542e36df645696f161abdc526bfb6d247,1067278163.2390553,,2026-01-14 20:52
0x58918db69302e21e0478c97f20de9153b9ee92d6,1039317543.1783797,,2026-01-14 20:52
0x801c261cb2827bcbe3c831678c063f1691b593cf,0.0,,2026-01-14 20:52
0x195486f44346a01120a7cf99425669f6e7fbefc4,0.0,,2026-01-14 20:52
0x90a5e11ee69e32b1991965efc7b1b83e235c23bc,0.0,,2026-01-14 20:52
0x82836bd22f6e52c0fbc83092da0900a51c5daae1,984214436.9991496,,2026-01-14 20:52
0xa495c8d282875beb08dec4fa67e4c2cef3b51680,0.0,,2026-01-14 20:52
0xbd3961dacb800fc8b9b60344841d56fd3c798b5b,770937319.3895202,,2026-01-14 20:52
0x7e2dfb80eb68f9946f45d7f0ea7c89cd26660dba,0.0,,2026-01-14 20:52
0x1985ea6e9c68e1c272d8209f3b478ac2fdb25c87,0.0,,2026-01-14 20:52
0x6fcad30523f0f8648984f3c1b4318e2a16e16824,637294609.4861596,,2026-01-14 20:52
0x2452e136265e4b2ce559534e9eb18e9907f45973,609052327.1528108,,2026-01-14 20:52
0x44df085447dbebcf69c6675c3b8a795c7fdeb3f4,580000000.0,,2026-01-14 20:52
0x0d0707963952f2fba59dd06f2b425ace40b492fe,578158163.0299869,,2026-01-14 20:52
0x5f8da8f88ec81e27f2e22fcb9ca5d926c595e508,0.0,,2026-01-14 20:52
0xf6268a4490995eec09de097a7279e592992ab03d,500000000.0,,2026-01-14 20:52
0x2890a1fa74b806417d45edf158c569b8939012bb,500000000.0,,2026-01-14 20:52
0x02f67b2e6afbac5d1590c39097d03829bc0beda9,490629295.5578452,,2026-01-14 20:52
0xbe94d6b687c7de47c48fd433b6563b0ee3c0ea72,487734051.6595472,,2026-01-14 20:52
0xac619976d2a369eabd0e61021dec86fc8291df31,468434299.0633322,,2026-01-14 20:52
0x56b9f3eab2a563a277cf14604ac0a8c330715cb0,439407384.8971478,,2026-01-14 20:52
0xef67e9fe32f46a672af824e39c7a5126004d0cf0,418010580.8579467,,2026-01-14 20:52
0x2e7444ade51b2dbc723c6298679bac3ef8389c31,0.0,,2026-01-14 20:52
0x40ebc1ac8d4fedd2e144b75fe9c0420be82750c6,0.0,,2026-01-14 20:52
0xbada235e37f8ceba768cb167518c869a3765992c,376939734.6553152,,2026-01-14 20:52
0xcdd442e2de893c07146b2f1072f8e077559f9aa4,340841297.8906013,,2026-01-14 20:52
0xc0ed8b18b962be620d67ed824d12a24b0bfae22a,350000000.0020507,,2026-01-14 20:52
0x4444a136b1445b1f5e4a20656854adcf6fa3d667,345049277.9200931,,2026-01-14 20:52
0x961f6af1729f276c9a053016a2da2706a19b7c42,336548000.8131616,,2026-01-14 20:52
0x69dbc5b5803efe31f6cbafe73ed780ff81c59470,324757178.56858766,,2026-01-14 20:52
0xb11f0625dcfb71d8095f019aecf1815ca5746776,0.0,,2026-01-14 20:52
0xbd46e4944f631c31ac22f8ff757a5579b371d3ce,0.0,,2026-01-14 20:52
0x000bd7932374abd3806ab036424ed0f4d756123f,303967007.20292217,,2026-01-14 20:52
0x2e93b992ab8a11e954464e6b0b2e28098241f1ef,0.0,,2026-01-14 20:52
0x77f80700f974ca52cf52bdc87efcb3b0e0c4f78b,269369369.0,,2026-01-14 20:52
0x449e507e83789a388180bc6b3cf961b10aec00e8,0.0,,2026-01-14 20:52
0xd13da05b9288ba4961973110594bd0fe3428791f,246494954.15679106,,2026-01-14 20:52
0x434d36f32abed3f7937fe0be88dc1b0eb9381244,241985887.44892195,,2026-01-14 20:52
0xb6d6e1865bfa3de860ef331aabf13f08915027c2,235561361.67031276,,2026-01-14 20:52
0x2dc37949d73cc648ca45c6e22253654a1f1865d8,0.0,,2026-01-14 20:52
0xc24e6ad0d54779d47c7af0d5f602a7caecaf0bf2,0.0,,2026-01-14 20:52
0x9d962f144bb6ba906397a861795f89bbdffb1ae2,222865401.72536707,,2026-01-14 20:52
0x481c36a595b8f71a87f6e4a0476e67733edd6835,0.0,,2026-01-14 20:52
0x7c7a1bd67e41c563c8aacab011b6b6e6f82f8915,210894785.04616243,,2026-01-14 20:52
0xc43da75ada0636bb182635213d6ff26ed8d646c3,208999992.09192222,,2026-01-14 20:52
0xef0c6f892b0d6f3dde527416b67f7aa4a4bc0a86,0.0,,2026-01-14 20:52
0x9340989729aa956fe11fe9bf6038e3df627dfe4d,205998928.05829853,,2026-01-14 20:52
0x128c718152c4da86454547484a43a09ac4ee6e7b,204537102.98834634,,2026-01-14 20:52
0x8d2c826a0620b7fe05266fbdb29febb9761880d9,203463566.97264132,,2026-01-14 20:52
0x65c9874a0107c5553c92430a7aa3863a79d543fd,202684442.5003706,,2026-01-14 20:52
0x7bde5110222b2b69a72c5d4928f6d284686a1251,200202852.76759958,,2026-01-14 20:52
0x65b3e277ccd0643d3eef18d3873e909382bc6015,0.0,,2026-01-14 20:52
0xc72b54ffc17569d338ae9ea0fc3d565a71227f25,0.0,,2026-01-14 20:52
0xb11f9acc7726dbb8a529bc549432e1070657bbd7,0.0,,2026-01-14 20:52
0xf3b75aeb448fca1b457432fcca3ab8c491ba1e22,193878531.4877655,,2026-01-14 20:52
0xeac6a43ac78e616abb651f287cab58ac96e85644,0.0,,2026-01-14 20:52
0x32b1cc950ef25434172ba21a2afa0dfe2795baa9,182941450.0196574,,2026-01-14 20:52
0x498581ff718922c3f8e6a244956af099b2652b2b,181462253.6914868,,2026-01-14 20:52
0xeebceff9589546d9020f4a974184098759ed69fe,179702063.17542824,,2026-01-14 20:52
0x407cd980dfd24f868040379337ffded901825b97,176959637.2825387,,2026-01-14 20:52
0x21586d44b423e85cad6cf541e61461b36802a200,0.0,,2026-01-14 20:52
0xf290a936e78dbaa0b8f444f05cca22a192a43e00,174288987.77657944,,2026-01-14 20:52
0x75e5162644fca0392cce7dc6fe20f35e362ca8bb,169534851.83740127,,2026-01-14 20:52
0x5d2bb9e5a29657935010fdf2a911e957d51b6c51,169183854.26279372,,2026-01-14 20:52
0x8ef9c8477a01f9a28f6266513f62ba414cbf39ed,165786678.10398003,,2026-01-14 20:52
0x0d1e97c3b558e2bb205d294edb775bb2c935d200,0.0,,2026-01-14 20:52
0xf4508c3a2781f2a0bdf2b767c4fb937603611d65,162312462.17693067,,2026-01-14 20:52
0x44c3cf2d964d7b2f9be5fa612b0cc436720f6ead,0.0,,2026-01-14 20:52
0x631456089b908a73cb5563763869ef3bd067f7a9,0.0,,2026-01-14 20:52
0xb69c41f9546fe7e4ea8e218330990f518c80ba6a,154002704.10190582,,2026-01-14 20:52
0x6123f74cbdae63e40a5d46e4ae72d0418ce2a05c,151663906.9138997,,2026-01-14 20:52
0x105f11a93f8462745eaeeeb582959201b6f4f7f8,151532377.32039678,,2026-01-14 20:52
0x5608e12d1c281c5e6ee78638630467a1476bf05f,150913463.74031353,,2026-01-14 20:52
0x605c8418be0667a74c4f06a26246d0bbb61cb267,0.0,,2026-01-14 20:52
0x535be74309093b3a911b57e42ffdac7213078735,140832227.4068104,,2026-01-14 20:52
0x44fa987b5ab185e7d87bdecd7c0e0341f1e2a1bf,0.0,,2026-01-14 20:52
0xd37b1ea54a39256bd1e97f65f8e9c996f3c6f430,136657724.2822156,,2026-01-14 20:52
0x078e88e465f2a430399e319d57543a7a76e97668,0.0,,2026-01-14 20:52
0xf84408070b4de16d6bb0ab2fd8b19d37e3fd1422,0.0,,2026-01-14 20:52
0xfc8e410501fa7213c1efec6fe497262355b1f063,0.0,,2026-01-14 20:52
0xd4bf6958538f26266ef2a32db47d296323734b5a,129252664.27113873,,2026-01-14 20:52
0x4f9a04bf67a65a59ef0beb8dcc83f7f3cc5c5d23,128000000.0,,2026-01-14 20:52
0x85debcfc9792195a62899b5937db15c8ce14f0ea,0.0,,2026-01-14 20:52
0xed5b18ce5f58efb74229b639b4df3dbe6bf52021,0.0,,2026-01-14 20:52
0x75afaece8cf2a7974b1e541648923afd9339b3f8,113676271.11378612,,2026-01-14 20:52
0x7cf983852f8715be3d0c97897bdf97a8c55739cd,0.0,,2026-01-14 20:52
0xdc59da89633fbd3bd27bd22e5acede444c394beb,107204951.52161916,,2026-01-14 20:52
0xe37fa838dabe3ee31394b620e9ebbc04c7d3494f,0.0,,2026-01-14 20:52
0xd451b354e6ae8d7c191b5ecf3fcdf2337aa2a2d0,0.0,,2026-01-14 20:52
0xf7757f0e9b68bd2c256ce0410589de58f22cb277,0.0,,2026-01-14 20:52
0xc5085f53fe9e547b68bae85e435fce23d246793e,100999999.99974759,,2026-01-14 20:52
0x4761e12b65d001bde2ea3ef60b9840ce2310893d,0.0,,2026-01-14 20:52
0xfbd463c3794b6adb79cb3c4b28e1e97450afd3ca,100845991.26811107,,2026-01-14 20:52
0x5943270542f42d6ce2607c046ad4cf8a97918820,0.0,,2026-01-14 20:52
0x6ea732b1e79ba5b42eb174e406911900723ffd7e,100000000.0,,2026-01-14 20:52
0x155f2475479044582364a9d1ed01f85c20c527ba,100000000.0,,2026-01-14 20:52
0x66ad813b63034598561fb69abace2c208d83a9d9,99989901.66913515,,2026-01-14 20:52
0x416ec2ca21a38cbcfeacd6a14532b3f348356d23,97641161.6735249,,2026-01-14 20:52
0x6bd777bf19dfba7fddfa189876b0aac22dd9974a,97572521.05702251,,2026-01-14 20:52
0xbc5ce2dfc7a89d597c26f556a9670a99b73f2e0b,96638833.13282983,,2026-01-14 20:52
0x4f9f0a0b6597435e7b6d8e24296dfed54b2763f5,0.0,,2026-01-14 20:52
0xd44b14c0bbaba98a0ed5e73250fd19769f13160c,93474302.38605988,,2026-01-14 20:52
0x44551ca46fa5592bb572e20043f7c3d54c85cad7,92623005.95728822,,2026-01-14 20:52
0xf8cfc5635327ee30a67523c26a8a49dd4e77a0f4,0.0,,2026-01-14 20:52
0x3c46f73958e50ac8bedbc6cbedd7718b73c69298,92102133.96803844,,2026-01-14 20:52
0x3aa04ae52fd1423272750a9a9ea47c2724d8f883,91071918.50853369,,2026-01-14 20:52
0x7f90adebec02b3d8a083adb3c3cb5007dcf23356,0.0,,2026-01-14 20:52
0x0e65cb6e1abb6366a20d7a552b3e1cc7a59bde50,90424742.6842671,,2026-01-14 20:52
0xcb332a38a9770a99e0f986eb821f37190ad8cff3,89079539.3436578,,2026-01-14 20:52
0x27661dda1fcb28835574fe39401f1e175b7cc2d1,0.0,,2026-01-14 20:52
0x3453fd6413e0cbad92214247140922771c621409,88185599.165457,,2026-01-14 20:52
0xb74da7046b1f4979f888bdd1183049b00dcc9e25,0.0,,2026-01-14 20:52
0x48a15921864f0c5c3f27683a6b643fa263002c0b,0.0,,2026-01-14 20:52
0xab6ff46c50cccf079bd6c519ccf34c188f80bd72,85491400.33027476,,2026-01-14 20:52
0x6d27b8bf89306509f19ddf48e42944db8aafae96,85072110.97700566,,2026-01-14 20:52
0x91397a787a0856ad57dbbeff3e90e661b75d52e6,83320469.78560938,,2026-01-14 20:52
0xe87b933e326195d399725a8d4f7abde743bcfb1a,79945957.96823905,,2026-01-14 20:52
0xbffec59f5e85f37af43a872dbeb641cd18921f04,80868972.91199161,,2026-01-14 20:52
0x3c84b3b05307d21c4579c13b134efdd4755d2e01,0.0,,2026-01-14 20:52
0x55eadf14744b95a79637e4ebf32c2f20f3827ddd,0.0,,2026-01-14 20:52
0xfd37f4625ca5816157d55a5b3f7dd8dd5f8a0c2f,80000000.0,,2026-01-14 20:52
0x4dfa12cba256d6e987a0677feaa60b6a6a165db9,0.0,,2026-01-14 20:52
0x69fcecd421935719de38ecdb5a884359959ea0a3,0.0,,2026-01-14 20:52
0x4a3e6e66f8c32bc05a50879f872b1177a1573cdf,0.0,,2026-01-14 20:52
0x1d064b8cf952a49d0b7365fe4e1dffa6de67c7b3,0.0,,2026-01-14 20:52
0x0058417b60283c461367fc577089ceab8778a6e2,0.0,,2026-01-14 20:52
0x9b2ee1147e069c4eb4556658fb49f98e66284a3a,73437912.00023824,,2026-01-14 20:52
0x4123ffc81579e38dfff74b75d8bdf21c41e62237,72500000.0,,2026-01-14 20:52
0xd095e0f8c72e22319846b643c4bac0cac1f67006,0.0,,2026-01-14 20:52
0xf205d9c2b39190dc73dffc4dc7a2560069d41e9d,71772753.50896572,,2026-01-14 20:52
0x9e7dcaa66465cae8980f94513f698a6ab8c19541,71542486.46128248,,2026-01-14 20:52
0xd26aa7c9d77f3f12c950366e061c1812216039e2,70880533.2152521,,2026-01-14 20:52
0x47d57657b1a48821ade8dfec7cfe0f3602fb105a,0.0,,2026-01-14 20:52
0x8a90e9decb493fd5521c4a8adb6dc385d14ca8ff,70000180.04635768,,2026-01-14 20:52
0xb0e4c413b1cb7abdd78bcd47df2aadb300e34cb6,0.0,,2026-01-14 20:52
0x2052571df047ca7b2c346bbfac0952561c5f374c,69742818.86421768,,2026-01-14 20:52
0x8e4d15556b04f08f084d692e63cbac9302875883,0.0,,2026-01-14 20:52
0xec33ada7ca07e04fa811af921048352a13840f4c,0.0,,2026-01-14 20:52
0x887aeb2c97b025de69c6f89228b616daa8a2b675,67850649.06185931,,2026-01-14 20:52
0x65ba4f92d7dfa813ddbd849d9faf38a723dd9b12,0.0,,2026-01-14 20:52
0xe6fe49c95f01908bf5b0227d79cc0a06f30a0123,67591486.22540085,,2026-01-14 20:52
0xd1db1756dcde2e014813d0c4dcab32512ca0e1ba,0.0,,2026-01-14 20:52
0xbb00900b914c71d7cc0d6c8865359499b9d0b3b6,66542817.5610444,,2026-01-14 20:52
0x17accf90ba294df3bc2f12818d18a48c756a90d5,65862478.04977189,,2026-01-14 20:52
0x322d652c13dedce8730fe60d5282afa018d78780,0.0,,2026-01-14 20:52
0xf5c804effad38b4e327fe3f4758668a793828372,0.0,,2026-01-14 20:52
0x758a15d4c972d54314ece9d6701d086fe2c5e757,0.0,,2026-01-14 20:52
0x62aaf39b1b2866891c41edefa15f253f7d41e477,62940326.72081948,,2026-01-14 20:52
0x25e3c81948ebc3997421e845f1f1a6f7494ed50a,62708417.554969765,,2026-01-14 20:52
0xbada51a47fe8a915fedec4b78b13b8f7e7c5af2e,0.0,,2026-01-14 20:52
0xc6902863ee149ec3bb5a85f75de97788f099d0df,0.0,,2026-01-14 20:52
0x66d40210b7e322f938fdf401c99a32cb25c9f982,0.0,,2026-01-14 20:52
0xe92cac0ddd20a8223339f210c6b932432079a9d3,62167970.085548624,,2026-01-14 20:52
0x2708c3e6e3c88715d342a0ddf8d1e2bde02838d7,61880620.163843505,,2026-01-14 20:52
0x8b076a81e4b9b1efb81b7d01ca610331395e7c9f,61118599.915926434,,2026-01-14 20:52
0x227fbb12e45c7b8f3301539bb3ad4e33a47017bc,60709940.547015056,,2026-01-14 20:52
0x4dd5dd7dee89ed216e031fb93e7919f5a7adb41d,0.0,,2026-01-14 20:52
0xa99597f95e9f269ea56bb75fb03d3cf7d5bbdfb5,0.0,,2026-01-14 20:52
0xfb689a2921370343391b753ba86a218ae570309f,58450758.87698404,,2026-01-14 20:52
0x68577318181f616c652c89f37e2c3cbf37b4c2c0,0.0,,2026-01-14 20:52
0x46162f7fadd5f3245300a1986ab4610666c57f65,57963489.73725348,,2026-01-14 20:52
0xe5387a884a9714304c516f70c8a319b7bf1b44ec,57201408.32540943,,2026-01-14 20:52
0x6f8e39673e598e2b701a7f70d9e18e769f915fef,0.0,,2026-01-14 20:52
0x2499bdf18e33eb830bcf0d1c1e47b7e0cca07071,0.0,,2026-01-14 20:52
0xbd002732e529425cad731f380edce627035b7555,56210718.14034043,,2026-01-14 20:52
0x88c2dbecee7104c771378b4fce75eca79308664b,55898567.89253228,,2026-01-14 20:52
0xf5029333b4b4476d4e2df5d6416108f36f81c80d,55843124.56610878,,2026-01-14 20:52
0xd66d4013e5b6d657831f80bafdc538512b99353a,55556815.011630304,,2026-01-14 20:52
0x849151d7d0bf1f34b70d5cad5149d28cc2308bf1,0.0,,2026-01-14 20:52
0x98c0f85b37dbcbca28528d9653ea69ebc04f611d,0.0,,2026-01-14 20:52
0x4f66c3a286659afaa4a9899600087857c998dbf8,0.0,,2026-01-14 20:52
0x1e7a617ed598a39ed5a735573fc56498d7a2cf77,0.0,,2026-01-14 20:52
0x86e3a56614aa234b17c19e4ef03b4f87e0575299,52546058.92518132,,2026-01-14 20:52
0xc16aecfec42b5ec2f24eab1fb2daa0cd90ea37f7,0.0,,2026-01-14 20:52
0x41bb7f75f1311ba5173a2d6a8f329110e22a1582,52427089.81988938,,2026-01-14 20:52
0xbce77e2439e2f9aba6726718385d83e18baae383,0.0,,2026-01-14 20:52
0x0c2ba8a4bba6c019a1771c73e304d383da4773ff,50826813.52984078,,2026-01-14 20:52
0x5f8b9b4541ecef965424f1db923806aad626add2,0.0,,2026-01-14 20:52
0xa55f8876aa5e844fce048202b207b0b209877dc8,50423881.60819649,,2026-01-14 20:52
0x6f93d1f8cdaddc61214c59a2741f2f0271cf6e2c,0.0,,2026-01-14 20:52
0x5581a582b431250d206b113d38f4af67722a06b1,50214329.631431304,,2026-01-14 20:52
0x888497f84b6b6cb147a6791193e60abc3ef844f4,0.0,,2026-01-14 20:52
0xc51d60061b30010f1cd125f4241d8c1fc64c0cd3,48823704.026520394,,2026-01-14 20:52
0xc348cdad55c576efb3c98a5e47ccc3ed94cf4805,0.0,,2026-01-14 20:52
0x0054d246176eddc8df6d439e78507137d7b130ec,48369431.11710034,,2026-01-14 20:52
0x0c6cb04449643422ba0dcd096c2eabd060ad63d8,0.0,,2026-01-14 20:52
0x019fd9abc9caeb476d7afa68bb675518c6be17b7,15106952568.708454,,2026-01-14 21:09
0xad3e02de4679d04e4c293244d707285f81d34383,5642416679.96657,,2026-01-14 21:09
0xaec085e5a5ce8d96a7bdd3eb3a62445d4f6ce703,3732367887.3940005,,2026-01-14 21:09
0x1172a9b08573dec93cd53132875046f8e0770caf,0.0,,2026-01-14 21:09
0x000000000000000000000000000000000000dead,0.0,,2026-01-14 21:09
0x2813bbc5744faf12f2cc0bcd9a0376be41a5b0f4,2666305257.2263107,,2026-01-14 21:09
0x1ae824a5bf871d8ab4f1165fdce36978c085dce4,0.0,,2026-01-14 21:09
0x0b18aa565a6adbd994e8d69c17a4a5c8791b2cf5,2596568323.3724647,,2026-01-14 21:09
0x6f7245140efd1a4a5b24fc981178ef62279e1c1b,0.0,,2026-01-14 21:09
0x301f742573c76ee107cb8e263f2d5c009ecbfb28,1486896785.4106708,,2026-01-14 21:09
0x6ec2e2be14e4dcc5c93e61fd221487b8ba1b179f,0.0,,2026-01-14 21:09
0xb46ddd09146cf8c59c275f4cf277e8de6868f838,0.0,,2026-01-14 21:09
0x279cd2b30740afd8802a2fac25dae77e5ce5d6ce,1162681820.6779525,,2026-01-14 21:09
0x84780cb65b8be101165cc3f6981705a6400c5c72,0.0,,2026-01-14 21:09
0x7e90590542e36df645696f161abdc526bfb6d247,1067278163.2390553,,2026-01-14 21:09
0x58918db69302e21e0478c97f20de9153b9ee92d6,1039317543.1783797,,2026-01-14 21:09
0x801c261cb2827bcbe3c831678c063f1691b593cf,1024193367.71,,2026-01-14 21:09
0x195486f44346a01120a7cf99425669f6e7fbefc4,1022867267.9850802,,2026-01-14 21:09
0x90a5e11ee69e32b1991965efc7b1b83e235c23bc,1001000000.0,,2026-01-14 21:09
0x82836bd22f6e52c0fbc83092da0900a51c5daae1,984214436.9991496,,2026-01-14 21:09
0xa495c8d282875beb08dec4fa67e4c2cef3b51680,777005734.0075297,,2026-01-14 21:09
0xbd3961dacb800fc8b9b60344841d56fd3c798b5b,770937319.3895202,,2026-01-14 21:09
0x7e2dfb80eb68f9946f45d7f0ea7c89cd26660dba,0.0,,2026-01-14 21:09
0x1985ea6e9c68e1c272d8209f3b478ac2fdb25c87,0.0,,2026-01-14 21:09
0x6fcad30523f0f8648984f3c1b4318e2a16e16824,0.0,,2026-01-14 21:09
0x2452e136265e4b2ce559534e9eb18e9907f45973,0.0,,2026-01-14 21:09
0x44df085447dbebcf69c6675c3b8a795c7fdeb3f4,0.0,,2026-01-14 21:09
0x0d0707963952f2fba59dd06f2b425ace40b492fe,0.0,,2026-01-14 21:09
0x5f8da8f88ec81e27f2e22fcb9ca5d926c595e508,0.0,,2026-01-14 21:09
0xf6268a4490995eec09de097a7279e592992ab03d,500000000.0,,2026-01-14 21:09
0x2890a1fa74b806417d45edf158c569b8939012bb,500000000.0,,2026-01-14 21:09
0x02f67b2e6afbac5d1590c39097d03829bc0beda9,490629295.5578452,,2026-01-14 21:09
0xbe94d6b687c7de47c48fd433b6563b0ee3c0ea72,487734051.6595472,,2026-01-14 21:09
0xac619976d2a369eabd0e61021dec86fc8291df31,468434299.0633322,,2026-01-14 21:09
0x56b9f3eab2a563a277cf14604ac0a8c330715cb0,0.0,,2026-01-14 21:09
0xef67e9fe32f46a672af824e39c7a5126004d0cf0,0.0,,2026-01-14 21:09
0x2e7444ade51b2dbc723c6298679bac3ef8389c31,0.0,,2026-01-14 21:09
0x40ebc1ac8d4fedd2e144b75fe9c0420be82750c6,0.0,,2026-01-14 21:09
0xbada235e37f8ceba768cb167518c869a3765992c,376939734.6553152,,2026-01-14 21:09
0xcdd442e2de893c07146b2f1072f8e077559f9aa4,0.0,,2026-01-14 21:09
0xc0ed8b18b962be620d67ed824d12a24b0bfae22a,350000000.0020507,,2026-01-14 21:09
0x4444a136b1445b1f5e4a20656854adcf6fa3d667,0.0,,2026-01-14 21:09
0x961f6af1729f276c9a053016a2da2706a19b7c42,336548000.8131616,,2026-01-14 21:09
0x69dbc5b5803efe31f6cbafe73ed780ff81c59470,324757178.56858766,,2026-01-14 21:09
0xb11f0625dcfb71d8095f019aecf1815ca5746776,322065539.91395706,,2026-01-14 21:09
0xbd46e4944f631c31ac22f8ff757a5579b371d3ce,318951248.34800696,,2026-01-14 21:09
0x000bd7932374abd3806ab036424ed0f4d756123f,303967007.20292217,,2026-01-14 21:09
0x2e93b992ab8a11e954464e6b0b2e28098241f1ef,0.0,,2026-01-14 21:09
0x77f80700f974ca52cf52bdc87efcb3b0e0c4f78b,269369369.0,,2026-01-14 21:09
0x449e507e83789a388180bc6b3cf961b10aec00e8,0.0,,2026-01-14 21:09
0xd13da05b9288ba4961973110594bd0fe3428791f,0.0,,2026-01-14 21:09
0x434d36f32abed3f7937fe0be88dc1b0eb9381244,241985887.44892195,,2026-01-14 21:09
0xb6d6e1865bfa3de860ef331aabf13f08915027c2,235561361.67031276,,2026-01-14 21:09
0x2dc37949d73cc648ca45c6e22253654a1f1865d8,0.0,,2026-01-14 21:09
0xc24e6ad0d54779d47c7af0d5f602a7caecaf0bf2,223346154.1598922,,2026-01-14 21:09
0x9d962f144bb6ba906397a861795f89bbdffb1ae2,0.0,,2026-01-14 21:09
0x481c36a595b8f71a87f6e4a0476e67733edd6835,216953037.60016245,,2026-01-14 21:09
0x7c7a1bd67e41c563c8aacab011b6b6e6f82f8915,210894785.04616243,,2026-01-14 21:09
0xc43da75ada0636bb182635213d6ff26ed8d646c3,0.0,,2026-01-14 21:09
0xef0c6f892b0d6f3dde527416b67f7aa4a4bc0a86,206871107.504381,,2026-01-14 21:09
0x9340989729aa956fe11fe9bf6038e3df627dfe4d,205998928.05829853,,2026-01-14 21:09
0x128c718152c4da86454547484a43a09ac4ee6e7b,204537102.98834634,,2026-01-14 21:09
0x8d2c826a0620b7fe05266fbdb29febb9761880d9,0.0,,2026-01-14 21:09
0x65c9874a0107c5553c92430a7aa3863a79d543fd,0.0,,2026-01-14 21:09
0x7bde5110222b2b69a72c5d4928f6d284686a1251,0.0,,2026-01-14 21:09
0x65b3e277ccd0643d3eef18d3873e909382bc6015,200008079.61100075,,2026-01-14 21:09
0xc72b54ffc17569d338ae9ea0fc3d565a71227f25,200000002.0,,2026-01-14 21:09
0xb11f9acc7726dbb8a529bc549432e1070657bbd7,0.0,,2026-01-14 21:09
0xf3b75aeb448fca1b457432fcca3ab8c491ba1e22,0.0,,2026-01-14 21:09
0xeac6a43ac78e616abb651f287cab58ac96e85644,190484970.7526354,,2026-01-14 21:09
0x32b1cc950ef25434172ba21a2afa0dfe2795baa9,0.0,,2026-01-14 21:09
0x498581ff718922c3f8e6a244956af099b2652b2b,181491255.7209338,,2026-01-14 21:09
0xeebceff9589546d9020f4a974184098759ed69fe,0.0,,2026-01-14 21:09
0x407cd980dfd24f868040379337ffded901825b97,176959637.2825387,,2026-01-14 21:09
0x21586d44b423e85cad6cf541e61461b36802a200,175000000.0,,2026-01-14 21:09
0xf290a936e78dbaa0b8f444f05cca22a192a43e00,0.0,,2026-01-14 21:09
0x75e5162644fca0392cce7dc6fe20f35e362ca8bb,0.0,,2026-01-14 21:09
0x5d2bb9e5a29657935010fdf2a911e957d51b6c51,169183854.26279372,,2026-01-14 21:09
0x8ef9c8477a01f9a28f6266513f62ba414cbf39ed,0.0,,2026-01-14 21:09
0x0d1e97c3b558e2bb205d294edb775bb2c935d200,162676099.9093807,,2026-01-14 21:09
0xf4508c3a2781f2a0bdf2b767c4fb937603611d65,0.0,,2026-01-14 21:09
0x44c3cf2d964d7b2f9be5fa612b0cc436720f6ead,0.0,,2026-01-14 21:09
0x631456089b908a73cb5563763869ef3bd067f7a9,0.0,,2026-01-14 21:09
0xb69c41f9546fe7e4ea8e218330990f518c80ba6a,154002704.10190582,,2026-01-14 21:09
0x6123f74cbdae63e40a5d46e4ae72d0418ce2a05c,0.0,,2026-01-14 21:09
0x105f11a93f8462745eaeeeb582959201b6f4f7f8,0.0,,2026-01-14 21:09
0x5608e12d1c281c5e6ee78638630467a1476bf05f,150913463.74031353,,2026-01-14 21:09
0x605c8418be0667a74c4f06a26246d0bbb61cb267,0.0,,2026-01-14 21:09
0x535be74309093b3a911b57e42ffdac7213078735,0.0,,2026-01-14 21:09
0x44fa987b5ab185e7d87bdecd7c0e0341f1e2a1bf,140600628.88636157,,2026-01-14 21:09
0xd37b1ea54a39256bd1e97f65f8e9c996f3c6f430,0.0,,2026-01-14 21:09
0x078e88e465f2a430399e319d57543a7a76e97668,136279199.44365966,,2026-01-14 21:09
0xf84408070b4de16d6bb0ab2fd8b19d37e3fd1422,133593165.46811846,,2026-01-14 21:09
0xfc8e410501fa7213c1efec6fe497262355b1f063,132509512.00306621,,2026-01-14 21:09
0xd4bf6958538f26266ef2a32db47d296323734b5a,129252664.27113873,,2026-01-14 21:09
0x4f9a04bf67a65a59ef0beb8dcc83f7f3cc5c5d23,128000000.0,,2026-01-14 21:09
0x85debcfc9792195a62899b5937db15c8ce14f0ea,125384062.49871284,,2026-01-14 21:09
0xed5b18ce5f58efb74229b639b4df3dbe6bf52021,115679568.50480981,,2026-01-14 21:09
0x75afaece8cf2a7974b1e541648923afd9339b3f8,0.0,,2026-01-14 21:09
0x7cf983852f8715be3d0c97897bdf97a8c55739cd,112505276.4621532,,2026-01-14 21:09
0xdc59da89633fbd3bd27bd22e5acede444c394beb,107204951.52161916,,2026-01-14 21:09
0xe37fa838dabe3ee31394b620e9ebbc04c7d3494f,0.0,,2026-01-14 21:09
0xd451b354e6ae8d7c191b5ecf3fcdf2337aa2a2d0,0.0,,2026-01-14 21:09
0xf7757f0e9b68bd2c256ce0410589de58f22cb277,0.0,,2026-01-14 21:09
0xc5085f53fe9e547b68bae85e435fce23d246793e,100999999.99974759,,2026-01-14 21:09
0x4761e12b65d001bde2ea3ef60b9840ce2310893d,100927587.01467498,,2026-01-14 21:09
0xfbd463c3794b6adb79cb3c4b28e1e97450afd3ca,0.0,,2026-01-14 21:09
0x5943270542f42d6ce2607c046ad4cf8a97918820,100072479.93168664,,2026-01-14 21:09
0x6ea732b1e79ba5b42eb174e406911900723ffd7e,0.0,,2026-01-14 21:09
0x155f2475479044582364a9d1ed01f85c20c527ba,0.0,,2026-01-14 21:09
0x66ad813b63034598561fb69abace2c208d83a9d9,99989901.66913515,,2026-01-14 21:09
0x416ec2ca21a38cbcfeacd6a14532b3f348356d23,0.0,,2026-01-14 21:09
0x6bd777bf19dfba7fddfa189876b0aac22dd9974a,0.0,,2026-01-14 21:09
0xbc5ce2dfc7a89d597c26f556a9670a99b73f2e0b,0.0,,2026-01-14 21:09
0x4f9f0a0b6597435e7b6d8e24296dfed54b2763f5,0.0,,2026-01-14 21:09
0xd44b14c0bbaba98a0ed5e73250fd19769f13160c,0.0,,2026-01-14 21:09
0x44551ca46fa5592bb572e20043f7c3d54c85cad7,92623005.95728822,,2026-01-14 21:09
0xf8cfc5635327ee30a67523c26a8a49dd4e77a0f4,0.0,,2026-01-14 21:09
0x3c46f73958e50ac8bedbc6cbedd7718b73c69298,0.0,,2026-01-14 21:09
0x3aa04ae52fd1423272750a9a9ea47c2724d8f883,91071918.50853369,,2026-01-14 21:09
0x7f90adebec02b3d8a083adb3c3cb5007dcf23356,0.0,,2026-01-14 21:09
0x0e65cb6e1abb6366a20d7a552b3e1cc7a59bde50,0.0,,2026-01-14 21:09
0xcb332a38a9770a99e0f986eb821f37190ad8cff3,0.0,,2026-01-14 21:09
0x27661dda1fcb28835574fe39401f1e175b7cc2d1,88222145.16557325,,2026-01-14 21:09
0x3453fd6413e0cbad92214247140922771c621409,0.0,,2026-01-14 21:09
0xb74da7046b1f4979f888bdd1183049b00dcc9e25,88012894.66739047,,2026-01-14 21:09
0x48a15921864f0c5c3f27683a6b643fa263002c0b,0.0,,2026-01-14 21:09
0xab6ff46c50cccf079bd6c519ccf34c188f80bd72,0.0,,2026-01-14 21:09
0x6d27b8bf89306509f19ddf48e42944db8aafae96,85072110.97700566,,2026-01-14 21:09
0x91397a787a0856ad57dbbeff3e90e661b75d52e6,0.0,,2026-01-14 21:09
0xe87b933e326195d399725a8d4f7abde743bcfb1a,79131592.13424508,,2026-01-14 21:09
0xbffec59f5e85f37af43a872dbeb641cd18921f04,0.0,,2026-01-14 21:09
0x3c84b3b05307d21c4579c13b134efdd4755d2e01,80457664.5106073,,2026-01-14 21:09
0x55eadf14744b95a79637e4ebf32c2f20f3827ddd,80000000.00296153,,2026-01-14 21:09
0xfd37f4625ca5816157d55a5b3f7dd8dd5f8a0c2f,80000000.0,,2026-01-14 21:09
0x4dfa12cba256d6e987a0677feaa60b6a6a165db9,0.0,,2026-01-14 21:09
0x69fcecd421935719de38ecdb5a884359959ea0a3,79230751.36978,,2026-01-14 21:09
0x4a3e6e66f8c32bc05a50879f872b1177a1573cdf,75498897.73132914,,2026-01-14 21:09
0x1d064b8cf952a49d0b7365fe4e1dffa6de67c7b3,75000000.0,,2026-01-14 21:09
0x0058417b60283c461367fc577089ceab8778a6e2,73912905.17001915,,2026-01-14 21:09
0x9b2ee1147e069c4eb4556658fb49f98e66284a3a,73437912.00023824,,2026-01-14 21:09
0x4123ffc81579e38dfff74b75d8bdf21c41e62237,0.0,,2026-01-14 21:09
0xd095e0f8c72e22319846b643c4bac0cac1f67006,0.0,,2026-01-14 21:09
0xf205d9c2b39190dc73dffc4dc7a2560069d41e9d,0.0,,2026-01-14 21:09
0x9e7dcaa66465cae8980f94513f698a6ab8c19541,71542486.46128248,,2026-01-14 21:09
0xd26aa7c9d77f3f12c950366e061c1812216039e2,70880533.2152521,,2026-01-14 21:09
0x47d57657b1a48821ade8dfec7cfe0f3602fb105a,70296669.4875447,,2026-01-14 21:09
0x8a90e9decb493fd5521c4a8adb6dc385d14ca8ff,0.0,,2026-01-14 21:09
0xb0e4c413b1cb7abdd78bcd47df2aadb300e34cb6,70000000.07228193,,2026-01-14 21:09
0x2052571df047ca7b2c346bbfac0952561c5f374c,69742818.86421768,,2026-01-14 21:09
0x8e4d15556b04f08f084d692e63cbac9302875883,0.0,,2026-01-14 21:09
0xec33ada7ca07e04fa811af921048352a13840f4c,0.0,,2026-01-14 21:09
0x887aeb2c97b025de69c6f89228b616daa8a2b675,0.0,,2026-01-14 21:09
0x65ba4f92d7dfa813ddbd849d9faf38a723dd9b12,0.0,,2026-01-14 21:09
0xe6fe49c95f01908bf5b0227d79cc0a06f30a0123,67591486.22540085,,2026-01-14 21:09
0xd1db1756dcde2e014813d0c4dcab32512ca0e1ba,0.0,,2026-01-14 21:09
0xbb00900b914c71d7cc0d6c8865359499b9d0b3b6,0.0,,2026-01-14 21:09
0x17accf90ba294df3bc2f12818d18a48c756a90d5,0.0,,2026-01-14 21:09
0x322d652c13dedce8730fe60d5282afa018d78780,65100000.0,,2026-01-14 21:09
0xf5c804effad38b4e327fe3f4758668a793828372,0.0,,2026-01-14 21:09
0x758a15d4c972d54314ece9d6701d086fe2c5e757,63042021.146833144,,2026-01-14 21:09
0x62aaf39b1b2866891c41edefa15f253f7d41e477,62940326.72081948,,2026-01-14 21:09
0x25e3c81948ebc3997421e845f1f1a6f7494ed50a,62708417.554969765,,2026-01-14 21:09
0xbada51a47fe8a915fedec4b78b13b8f7e7c5af2e,0.0,,2026-01-14 21:09
0xc6902863ee149ec3bb5a85f75de97788f099d0df,62339340.94953039,,2026-01-14 21:09
0x66d40210b7e322f938fdf401c99a32cb25c9f982,0.0,,2026-01-14 21:09
0xe92cac0ddd20a8223339f210c6b932432079a9d3,62167970.085548624,,2026-01-14 21:09
0x2708c3e6e3c88715d342a0ddf8d1e2bde02838d7,61880620.163843505,,2026-01-14 21:09
0x8b076a81e4b9b1efb81b7d01ca610331395e7c9f,0.0,,2026-01-14 21:09
0x227fbb12e45c7b8f3301539bb3ad4e33a47017bc,60709940.547015056,,2026-01-14 21:09
0x4dd5dd7dee89ed216e031fb93e7919f5a7adb41d,60108019.72072632,,2026-01-14 21:09
0xa99597f95e9f269ea56bb75fb03d3cf7d5bbdfb5,60000000.0,,2026-01-14 21:09
0xfb689a2921370343391b753ba86a218ae570309f,58450758.87698404,,2026-01-14 21:09
0x68577318181f616c652c89f37e2c3cbf37b4c2c0,58210508.039045244,,2026-01-14 21:09
0x46162f7fadd5f3245300a1986ab4610666c57f65,0.0,,2026-01-14 21:09
0xe5387a884a9714304c516f70c8a319b7bf1b44ec,0.0,,2026-01-14 21:09
0x6f8e39673e598e2b701a7f70d9e18e769f915fef,0.0,,2026-01-14 21:09
0x2499bdf18e33eb830bcf0d1c1e47b7e0cca07071,56691978.09560882,,2026-01-14 21:09
0xbd002732e529425cad731f380edce627035b7555,56210718.14034043,,2026-01-14 21:09
0x88c2dbecee7104c771378b4fce75eca79308664b,55898567.89253228,,2026-01-14 21:09
0xf5029333b4b4476d4e2df5d6416108f36f81c80d,55843124.56610878,,2026-01-14 21:09
0xd66d4013e5b6d657831f80bafdc538512b99353a,55556815.011630304,,2026-01-14 21:09
0x849151d7d0bf1f34b70d5cad5149d28cc2308bf1,55183074.93575743,,2026-01-14 21:09
0x98c0f85b37dbcbca28528d9653ea69ebc04f611d,0.0,,2026-01-14 21:09
0x4f66c3a286659afaa4a9899600087857c998dbf8,53085463.94199259,,2026-01-14 21:09
0x1e7a617ed598a39ed5a735573fc56498d7a2cf77,52961724.53101368,,2026-01-14 21:09
0x86e3a56614aa234b17c19e4ef03b4f87e0575299,52546058.92518132,,2026-01-14 21:09
0xc16aecfec42b5ec2f24eab1fb2daa0cd90ea37f7,0.0,,2026-01-14 21:09
0x41bb7f75f1311ba5173a2d6a8f329110e22a1582,52427089.81988938,,2026-01-14 21:09
0xbce77e2439e2f9aba6726718385d83e18baae383,52277013.426867545,,2026-01-14 21:09
0x0c2ba8a4bba6c019a1771c73e304d383da4773ff,50826813.52984078,,2026-01-14 21:09
0x5f8b9b4541ecef965424f1db923806aad626add2,50593673.70073413,,2026-01-14 21:09
0xa55f8876aa5e844fce048202b207b0b209877dc8,50423881.60819649,,2026-01-14 21:09
0x6f93d1f8cdaddc61214c59a2741f2f0271cf6e2c,0.0,,2026-01-14 21:09
0x5581a582b431250d206b113d38f4af67722a06b1,0.0,,2026-01-14 21:09
0x888497f84b6b6cb147a6791193e60abc3ef844f4,50000002.622309275,,2026-01-14 21:09
0xc51d60061b30010f1cd125f4241d8c1fc64c0cd3,48823704.026520394,,2026-01-14 21:09
0xc348cdad55c576efb3c98a5e47ccc3ed94cf4805,48719755.482768536,,2026-01-14 21:09
0x0054d246176eddc8df6d439e78507137d7b130ec,0.0,,2026-01-14 21:09
0x0c6cb04449643422ba0dcd096c2eabd060ad63d8,0.0,,2026-01-14 21:09
